date,open,high,low,close,adj close,volume
2024-01-01 00:00:00+00:00,42280.234375,44175.4375,42214.9765625,44167.33203125,44167.33203125,18426978443
2024-01-02 00:00:00+00:00,44187.140625,45899.70703125,44176.94921875,44957.96875,44957.96875,39335274536
2024-01-03 00:00:00+00:00,44961.6015625,45503.2421875,40813.53515625,42848.17578125,42848.17578125,46342323118
2024-01-04 00:00:00+00:00,42855.81640625,44770.0234375,42675.17578125,44179.921875,44179.921875,30448091210
2024-01-05 00:00:00+00:00,44192.98046875,44353.28515625,42784.71875,44162.69140625,44162.69140625,32336029347
2024-01-06 00:00:00+00:00,44178.953125,44227.6328125,43475.15625,43989.1953125,43989.1953125,16092503468
2024-01-07 00:00:00+00:00,43998.46484375,44495.5703125,43662.23046875,43943.09765625,43943.09765625,19330573863
2024-01-08 00:00:00+00:00,43948.70703125,47218.0,43244.08203125,46970.50390625,46970.50390625,42746192015
2024-01-09 00:00:00+00:00,46987.640625,47893.69921875,45244.71484375,46139.73046875,46139.73046875,39821290992
2024-01-10 00:00:00+00:00,46121.5390625,47647.22265625,44483.15234375,46627.77734375,46627.77734375,50114613298
2024-01-11 00:00:00+00:00,46656.07421875,48969.37109375,45678.64453125,46368.5859375,46368.5859375,45833734549
2024-01-12 00:00:00+00:00,46354.79296875,46498.13671875,41903.76953125,42853.16796875,42853.16796875,43332698900
2024-01-13 00:00:00+00:00,42799.4453125,43234.66015625,42464.14453125,42842.3828125,42842.3828125,20601860469
2024-01-14 00:00:00+00:00,42842.26171875,43065.59765625,41724.61328125,41796.26953125,41796.26953125,17521429522
2024-01-15 00:00:00+00:00,41715.06640625,43319.72265625,41705.41796875,42511.96875,42511.96875,22320220558
2024-01-16 00:00:00+00:00,42499.3359375,43566.2734375,42085.99609375,43154.9453125,43154.9453125,24062872740
2024-01-17 00:00:00+00:00,43132.1015625,43189.890625,42189.30859375,42742.65234375,42742.65234375,20851232595
2024-01-18 00:00:00+00:00,42742.3125,42876.34765625,40631.171875,41262.05859375,41262.05859375,25218357242
2024-01-19 00:00:00+00:00,41278.4609375,42134.16015625,40297.45703125,41618.40625,41618.40625,25752407154
2024-01-20 00:00:00+00:00,41624.58984375,41877.89453125,41446.82421875,41665.5859375,41665.5859375,11586690904
2024-01-21 00:00:00+00:00,41671.48828125,41855.3671875,41497.0078125,41545.78515625,41545.78515625,9344043642
2024-01-22 00:00:00+00:00,41553.65234375,41651.20703125,39450.1171875,39507.3671875,39507.3671875,31338708143
2024-01-23 00:00:00+00:00,39518.71484375,40127.3515625,38521.89453125,39845.55078125,39845.55078125,29244553045
2024-01-24 00:00:00+00:00,39877.59375,40483.78515625,39508.796875,40077.07421875,40077.07421875,22359526178
2024-01-25 00:00:00+00:00,40075.55078125,40254.48046875,39545.6640625,39933.80859375,39933.80859375,18491782013
2024-01-26 00:00:00+00:00,39936.81640625,42209.38671875,39825.69140625,41816.87109375,41816.87109375,25598119893
2024-01-27 00:00:00+00:00,41815.625,42195.6328125,41431.28125,42120.0546875,42120.0546875,11422941934
2024-01-28 00:00:00+00:00,42126.125,42797.17578125,41696.91015625,42035.59375,42035.59375,16858971687
2024-01-29 00:00:00+00:00,42030.9140625,43305.8671875,41818.33203125,43288.24609375,43288.24609375,20668476578
2024-01-30 00:00:00+00:00,43300.2265625,43838.9453125,42711.37109375,42952.609375,42952.609375,23842814518
2024-01-31 00:00:00+00:00,42946.25,43717.40625,42298.9453125,42582.60546875,42582.60546875,24673628793
2024-02-01 00:00:00+00:00,42569.76171875,43243.16796875,41879.19140625,43075.7734375,43075.7734375,21423953779
2024-02-02 00:00:00+00:00,43077.640625,43422.48828125,42584.3359375,43185.859375,43185.859375,18603843039
2024-02-03 00:00:00+00:00,43184.96484375,43359.94140625,42890.80859375,42992.25,42992.25,11169245236
2024-02-04 00:00:00+00:00,42994.94140625,43097.64453125,42374.83203125,42583.58203125,42583.58203125,14802225490
2024-02-05 00:00:00+00:00,42577.62109375,43494.25,42264.81640625,42658.66796875,42658.66796875,18715487317
2024-02-06 00:00:00+00:00,42657.390625,43344.1484375,42529.01953125,43084.671875,43084.671875,16798476726
2024-02-07 00:00:00+00:00,43090.01953125,44341.94921875,42775.95703125,44318.22265625,44318.22265625,21126587775
2024-02-08 00:00:00+00:00,44332.125,45575.83984375,44332.125,45301.56640625,45301.56640625,26154524080
2024-02-09 00:00:00+00:00,45297.3828125,48152.49609375,45260.82421875,47147.19921875,47147.19921875,39316770844
2024-02-10 00:00:00+00:00,47153.52734375,48146.171875,46905.3203125,47771.27734375,47771.27734375,16398681570
2024-02-11 00:00:00+00:00,47768.96875,48535.9375,47617.40625,48293.91796875,48293.91796875,19315867136
2024-02-12 00:00:00+00:00,48296.38671875,50280.4765625,47745.76171875,49958.22265625,49958.22265625,34511985805
2024-02-13 00:00:00+00:00,49941.359375,50358.390625,48406.49609375,49742.44140625,49742.44140625,35593051468
2024-02-14 00:00:00+00:00,49733.4453125,52021.37109375,49296.83203125,51826.6953125,51826.6953125,39105608050
2024-02-15 00:00:00+00:00,51836.78515625,52820.06640625,51371.62890625,51938.5546875,51938.5546875,38564360533
2024-02-16 00:00:00+00:00,51937.7265625,52537.96875,51641.3671875,52160.203125,52160.203125,28180567298
2024-02-17 00:00:00+00:00,52161.67578125,52191.9140625,50669.66796875,51662.99609375,51662.99609375,20009091006
2024-02-18 00:00:00+00:00,51661.96875,52356.96484375,51233.70703125,52122.546875,52122.546875,17595377311
2024-02-19 00:00:00+00:00,52134.8125,52483.32421875,51711.8203125,51779.14453125,51779.14453125,21362184346
2024-02-20 00:00:00+00:00,51777.7265625,52945.05078125,50792.3125,52284.875,52284.875,33353758256
2024-02-21 00:00:00+00:00,52273.53515625,52368.81640625,50671.7578125,51839.1796875,51839.1796875,28624907020
2024-02-22 00:00:00+00:00,51854.64453125,52009.61328125,50926.29296875,51304.97265625,51304.97265625,25413900611
2024-02-23 00:00:00+00:00,51283.90625,51497.93359375,50561.77734375,50731.94921875,50731.94921875,21427078270
2024-02-24 00:00:00+00:00,50736.37109375,51684.1953125,50585.4453125,51571.1015625,51571.1015625,15174077879
2024-02-25 00:00:00+00:00,51565.21484375,51950.02734375,51306.171875,51733.23828125,51733.23828125,15413239245
2024-02-26 00:00:00+00:00,51730.5390625,54938.17578125,50931.03125,54522.40234375,54522.40234375,34074411896
2024-02-27 00:00:00+00:00,54519.36328125,57537.83984375,54484.19921875,57085.37109375,57085.37109375,49756832031
2024-02-28 00:00:00+00:00,57071.09765625,63913.1328125,56738.42578125,62504.7890625,62504.7890625,83239156760
2024-02-29 00:00:00+00:00,62499.18359375,63585.64453125,60498.73046875,61198.3828125,61198.3828125,65496611844
2024-03-01 00:00:00+00:00,61168.0625,63155.1015625,60802.52734375,62440.6328125,62440.6328125,40186368423
2024-03-02 00:00:00+00:00,62431.65234375,62458.69921875,61657.2890625,62029.84765625,62029.84765625,23888473685
2024-03-03 00:00:00+00:00,62031.578125,63230.2109375,61435.0234375,63167.37109375,63167.37109375,26253811450
2024-03-04 00:00:00+00:00,63137.00390625,68537.03125,62386.51953125,68330.4140625,68330.4140625,70670471105
2024-03-05 00:00:00+00:00,68341.0546875,69170.625,59323.91015625,63801.19921875,63801.19921875,102802940877
2024-03-06 00:00:00+00:00,63776.05078125,67637.9296875,62848.671875,66106.8046875,66106.8046875,68750229073
2024-03-07 00:00:00+00:00,66099.7421875,68029.921875,65655.53125,66925.484375,66925.484375,46989543159
2024-03-08 00:00:00+00:00,66938.09375,70083.0546875,66230.453125,68300.09375,68300.09375,59202881172
2024-03-09 00:00:00+00:00,68299.2578125,68673.0546875,68053.125,68498.8828125,68498.8828125,21609650379
2024-03-10 00:00:00+00:00,68500.2578125,70005.203125,68239.9765625,69019.7890625,69019.7890625,35683977532
2024-03-11 00:00:00+00:00,69020.546875,72850.7109375,67194.8828125,72123.90625,72123.90625,65716656765
2024-03-12 00:00:00+00:00,72125.125,72825.65625,68728.8515625,71481.2890625,71481.2890625,62554434520
2024-03-13 00:00:00+00:00,71482.1171875,73637.4765625,71334.09375,73083.5,73083.5,48212536929
2024-03-14 00:00:00+00:00,73079.375,73750.0703125,68563.0234375,71396.59375,71396.59375,59594605698
2024-03-15 00:00:00+00:00,71387.875,72357.1328125,65630.6953125,69403.7734375,69403.7734375,78320453976
2024-03-16 00:00:00+00:00,69392.484375,70046.2734375,64801.39453125,65315.1171875,65315.1171875,46842198371
2024-03-17 00:00:00+00:00,65316.34375,68845.71875,64545.31640625,68390.625,68390.625,44716864318
2024-03-18 00:00:00+00:00,68371.3046875,68897.1328125,66594.2265625,67548.59375,67548.59375,49261579492
2024-03-19 00:00:00+00:00,67556.1328125,68106.9296875,61536.1796875,61912.7734375,61912.7734375,74215844794
2024-03-20 00:00:00+00:00,61930.15625,68115.2578125,60807.78515625,67913.671875,67913.671875,66792634382
2024-03-21 00:00:00+00:00,67911.5859375,68199.9921875,64580.91796875,65491.390625,65491.390625,44480350565
2024-03-22 00:00:00+00:00,65489.9296875,66623.75,62355.37109375,63778.76171875,63778.76171875,41401116964
2024-03-23 00:00:00+00:00,63802.72265625,65976.3984375,63038.4921875,64062.203125,64062.203125,24738964812
2024-03-24 00:00:00+00:00,64070.75390625,67622.7578125,63825.8515625,67234.171875,67234.171875,27206630673
2024-03-25 00:00:00+00:00,67234.09375,71162.59375,66414.8359375,69958.8125,69958.8125,42700139523
2024-03-26 00:00:00+00:00,69931.328125,71535.7421875,69335.609375,69987.8359375,69987.8359375,36010437368
2024-03-27 00:00:00+00:00,69991.8984375,71727.6875,68381.9296875,69455.34375,69455.34375,40827113309
2024-03-28 00:00:00+00:00,69452.7734375,71546.0234375,68895.5078125,70744.953125,70744.953125,34374900617
2024-03-29 00:00:00+00:00,70744.796875,70913.09375,69076.65625,69892.828125,69892.828125,25230851763
2024-03-30 00:00:00+00:00,69893.4453125,70355.4921875,69601.0625,69645.3046875,69645.3046875,17130241883
2024-03-31 00:00:00+00:00,69647.78125,71377.78125,69624.8671875,71333.6484375,71333.6484375,20050941373
2024-04-01 00:00:00+00:00,71333.484375,71342.09375,68110.6953125,69702.1484375,69702.1484375,34873527352
2024-04-02 00:00:00+00:00,69705.0234375,69708.3828125,64586.59375,65446.97265625,65446.97265625,50705240709
2024-04-03 00:00:00+00:00,65446.671875,66914.3203125,64559.8984375,65980.8125,65980.8125,34488018367
2024-04-04 00:00:00+00:00,65975.6953125,69291.2578125,65113.796875,68508.84375,68508.84375,34439527442
2024-04-05 00:00:00+00:00,68515.7578125,68725.7578125,66011.4765625,67837.640625,67837.640625,33748230056
2024-04-06 00:00:00+00:00,67840.5703125,69629.6015625,67491.71875,68896.109375,68896.109375,19967785809
2024-04-07 00:00:00+00:00,68897.109375,70284.4296875,68851.6328125,69362.5546875,69362.5546875,21204930369
2024-04-08 00:00:00+00:00,69362.5546875,72715.359375,69064.2421875,71631.359375,71631.359375,37261432669
2024-04-09 00:00:00+00:00,71632.5,71742.5078125,68212.921875,69139.015625,69139.015625,36426900409
2024-04-10 00:00:00+00:00,69140.2421875,71093.4296875,67503.5625,70587.8828125,70587.8828125,38318601774
2024-04-11 00:00:00+00:00,70575.734375,71256.234375,69571.8125,70060.609375,70060.609375,30153382941
2024-04-12 00:00:00+00:00,70061.3828125,71222.7421875,65254.8359375,67195.8671875,67195.8671875,44129299406
2024-04-13 00:00:00+00:00,67188.375,67931.4296875,60919.10546875,63821.47265625,63821.47265625,52869738185
2024-04-14 00:00:00+00:00,63836.23046875,65824.4296875,62205.8515625,65738.7265625,65738.7265625,49084320047
2024-04-15 00:00:00+00:00,65739.6484375,66878.6484375,62332.0703125,63426.2109375,63426.2109375,43595917654
2024-04-16 00:00:00+00:00,63419.296875,64355.66796875,61716.40234375,63811.86328125,63811.86328125,42847528078
2024-04-17 00:00:00+00:00,63831.84765625,64486.36328125,59768.5859375,61276.69140625,61276.69140625,41915247049
2024-04-18 00:00:00+00:00,61275.31640625,64125.6875,60833.48046875,63512.75390625,63512.75390625,36006307335
2024-04-19 00:00:00+00:00,63510.75,65481.59765625,59651.390625,63843.5703125,63843.5703125,49920425401
2024-04-20 00:00:00+00:00,63851.1015625,65442.45703125,63172.40234375,64994.44140625,64994.44140625,23097485495
2024-04-21 00:00:00+00:00,64992.81640625,65723.2421875,64277.72265625,64926.64453125,64926.64453125,20506644853
2024-04-22 00:00:00+00:00,64935.6328125,67233.9609375,64548.1796875,66837.6796875,66837.6796875,28282686673
2024-04-23 00:00:00+00:00,66839.890625,67199.2421875,65864.8671875,66407.2734375,66407.2734375,24310975583
2024-04-24 00:00:00+00:00,66408.71875,67075.3671875,63589.87109375,64276.8984375,64276.8984375,30276655120
2024-04-25 00:00:00+00:00,64275.01953125,65275.20703125,62783.6328125,64481.70703125,64481.70703125,32155786816
2024-04-26 00:00:00+00:00,64485.37109375,64789.65625,63322.3984375,63755.3203125,63755.3203125,24139372950
2024-04-27 00:00:00+00:00,63750.98828125,63898.36328125,62424.71875,63419.140625,63419.140625,19530783039
2024-04-28 00:00:00+00:00,63423.515625,64321.484375,62793.59765625,63113.23046875,63113.23046875,17334827993
2024-04-29 00:00:00+00:00,63106.36328125,64174.87890625,61795.45703125,63841.12109375,63841.12109375,26635912073
2024-04-30 00:00:00+00:00,63839.41796875,64703.33203125,59120.06640625,60636.85546875,60636.85546875,37840840057
2024-05-01 00:00:00+00:00,60609.49609375,60780.5,56555.29296875,58254.01171875,58254.01171875,48439780271
2024-05-02 00:00:00+00:00,58253.703125,59602.296875,56937.203125,59123.43359375,59123.43359375,32711813559
2024-05-03 00:00:00+00:00,59122.30078125,63320.50390625,58848.3125,62889.8359375,62889.8359375,33172023048
2024-05-04 00:00:00+00:00,62891.03125,64494.95703125,62599.3515625,63891.47265625,63891.47265625,20620477992
2024-05-05 00:00:00+00:00,63892.453125,64610.890625,62955.3046875,64031.1328125,64031.1328125,18296164805
2024-05-06 00:00:00+00:00,64038.3125,65494.90234375,62746.23828125,63161.94921875,63161.94921875,28697928697
2024-05-07 00:00:00+00:00,63162.76171875,64390.45703125,62285.98046875,62334.81640625,62334.81640625,25930730982
2024-05-08 00:00:00+00:00,62332.640625,62986.0859375,60877.12890625,61187.94140625,61187.94140625,26088172222
2024-05-09 00:00:00+00:00,61191.19921875,63404.9140625,60648.07421875,63049.9609375,63049.9609375,25453338161
2024-05-10 00:00:00+00:00,63055.19140625,63446.7421875,60208.78125,60792.77734375,60792.77734375,27804954694
2024-05-11 00:00:00+00:00,60793.35546875,61451.15234375,60492.625,60793.7109375,60793.7109375,13842272968
2024-05-12 00:00:00+00:00,60793.50390625,61818.15625,60632.6015625,61448.39453125,61448.39453125,13800459405
2024-05-13 00:00:00+00:00,61451.21875,63422.66015625,60769.83984375,62901.44921875,62901.44921875,27889181179
2024-05-14 00:00:00+00:00,62900.7734375,63092.125,61123.765625,61552.7890625,61552.7890625,28186271527
2024-05-15 00:00:00+00:00,61553.98828125,66454.453125,61330.41015625,66267.4921875,66267.4921875,39815167074
2024-05-16 00:00:00+00:00,66256.109375,66712.4296875,64613.0546875,65231.58203125,65231.58203125,31573077994
2024-05-17 00:00:00+00:00,65231.296875,67459.4609375,65119.31640625,67051.875,67051.875,28031279310
2024-05-18 00:00:00+00:00,67066.2109375,67387.328125,66663.5,66940.8046875,66940.8046875,16712277406
2024-05-19 00:00:00+00:00,66937.9296875,67694.296875,65937.1796875,66278.3671875,66278.3671875,19249094538
2024-05-20 00:00:00+00:00,66278.7421875,71483.5625,66086.171875,71448.1953125,71448.1953125,43850655717
2024-05-21 00:00:00+00:00,71443.0625,71946.4609375,69191.125,70136.53125,70136.53125,46932005990
2024-05-22 00:00:00+00:00,70135.3203125,70623.6953125,68977.6953125,69122.3359375,69122.3359375,32802561717
2024-05-23 00:00:00+00:00,69121.3046875,70041.2734375,66356.953125,67929.5625,67929.5625,41895680979
2024-05-24 00:00:00+00:00,67928.1328125,69220.296875,66622.671875,68526.1015625,68526.1015625,29197308153
2024-05-25 00:00:00+00:00,68526.921875,69579.3203125,68515.8203125,69265.9453125,69265.9453125,15473071741
2024-05-26 00:00:00+00:00,69264.2890625,69506.2265625,68183.890625,68518.09375,68518.09375,15628433737
2024-05-27 00:00:00+00:00,68512.1796875,70597.8828125,68232.5,69394.5546875,69394.5546875,25870990717
2024-05-28 00:00:00+00:00,69392.1953125,69514.640625,67227.15625,68296.21875,68296.21875,32722265965
2024-05-29 00:00:00+00:00,68296.3515625,68852.4609375,67101.4921875,67578.09375,67578.09375,26707072906
2024-05-30 00:00:00+00:00,67576.0859375,69500.5390625,67118.078125,68364.9921875,68364.9921875,29509712534
2024-05-31 00:00:00+00:00,68362.515625,68999.5625,66633.421875,67491.4140625,67491.4140625,27387283769
2024-06-01 00:00:00+00:00,67489.609375,67839.765625,67386.1953125,67706.9375,67706.9375,11641495604
2024-06-02 00:00:00+00:00,67710.2734375,68409.1640625,67315.5234375,67751.6015625,67751.6015625,17110588415
2024-06-03 00:00:00+00:00,67753.8984375,70230.8203125,67589.8359375,68804.78125,68804.78125,32401285324
2024-06-04 00:00:00+00:00,68804.5703125,71047.40625,68564.640625,70567.765625,70567.765625,33149696545
2024-06-05 00:00:00+00:00,70568.3515625,71735.4140625,70390.7109375,71082.8203125,71082.8203125,32810771409
2024-06-06 00:00:00+00:00,71082.84375,71625.734375,70119.125,70757.1640625,70757.1640625,25223152007
2024-06-07 00:00:00+00:00,70759.1875,71907.8515625,68507.2578125,69342.5859375,69342.5859375,36188381096
2024-06-08 00:00:00+00:00,69324.1796875,69533.3203125,69210.7421875,69305.7734375,69305.7734375,14262185861
2024-06-09 00:00:00+00:00,69297.4921875,69817.5234375,69160.84375,69647.9921875,69647.9921875,13534028500
2024-06-10 00:00:00+00:00,69644.3125,70146.0703125,69232.421875,69512.28125,69512.28125,20597699541
2024-06-11 00:00:00+00:00,69508.078125,69549.4140625,66123.6015625,67332.03125,67332.03125,37116136345
2024-06-12 00:00:00+00:00,67321.375,69977.890625,66902.453125,68241.1875,68241.1875,34497940694
2024-06-13 00:00:00+00:00,68243.1015625,68365.78125,66304.5625,66756.3984375,66756.3984375,28955204146
2024-06-14 00:00:00+00:00,66747.5703125,67294.6484375,65056.89453125,66011.09375,66011.09375,27403884779
2024-06-15 00:00:00+00:00,66006.7421875,66402.1875,65871.7734375,66191.0,66191.0,14121265576
2024-06-16 00:00:00+00:00,66189.359375,66894.84375,66018.25,66639.046875,66639.046875,13281140541
2024-06-17 00:00:00+00:00,66636.515625,67188.3203125,65094.96484375,66490.296875,66490.296875,30006354476
2024-06-18 00:00:00+00:00,66490.9765625,66556.703125,64066.95703125,65140.74609375,65140.74609375,39481285950
2024-06-19 00:00:00+00:00,65146.66015625,65695.3515625,64693.30078125,64960.296875,64960.296875,21103423504
2024-06-20 00:00:00+00:00,64960.296875,66438.9609375,64547.84765625,64828.65625,64828.65625,25641109124
2024-06-21 00:00:00+00:00,64837.98828125,65007.546875,63378.89453125,64096.19921875,64096.19921875,26188171739
2024-06-22 00:00:00+00:00,64113.86328125,64475.46875,63929.7578125,64252.578125,64252.578125,9858198793
2024-06-23 00:00:00+00:00,64248.96484375,64491.703125,63180.796875,63180.796875,63180.796875,11170471802
2024-06-24 00:00:00+00:00,63173.3515625,63292.52734375,58601.69921875,60277.4140625,60277.4140625,43152133651
2024-06-25 00:00:00+00:00,60266.28125,62258.26171875,60239.75,61804.640625,61804.640625,29201215431
2024-06-26 00:00:00+00:00,61789.67578125,62434.13671875,60695.1875,60811.27734375,60811.27734375,22506003064
2024-06-27 00:00:00+00:00,60811.2265625,62293.86328125,60585.33203125,61604.80078125,61604.80078125,21231745045
2024-06-28 00:00:00+00:00,61612.8046875,62126.09765625,59985.40234375,60320.13671875,60320.13671875,24952866877
2024-06-29 00:00:00+00:00,60319.875,61097.62109375,60300.96484375,60887.37890625,60887.37890625,12652903396
2024-06-30 00:00:00+00:00,60888.4453125,62892.828125,60632.94921875,62678.29296875,62678.29296875,17333226409
2024-07-01 00:00:00+00:00,62673.60546875,63777.2265625,62495.51171875,62851.98046875,62851.98046875,25468379421
2024-07-02 00:00:00+00:00,62844.41015625,63203.359375,61752.74609375,62029.015625,62029.015625,20151616992
2024-07-03 00:00:00+00:00,62034.33203125,62187.703125,59419.38671875,60173.921875,60173.921875,29756701685
2024-07-04 00:00:00+00:00,60147.13671875,60399.67578125,56777.8046875,56977.703125,56977.703125,41149609230
2024-07-05 00:00:00+00:00,57022.80859375,57497.15234375,53717.375,56662.375,56662.375,55417544033
2024-07-06 00:00:00+00:00,56659.07421875,58472.546875,56038.9609375,58303.5390625,58303.5390625,20610320577
2024-07-07 00:00:00+00:00,58239.4296875,58371.12109375,55793.32421875,55849.109375,55849.109375,20553359505
2024-07-08 00:00:00+00:00,55849.57421875,58131.3359375,54321.01953125,56705.09765625,56705.09765625,39766159899
2024-07-09 00:00:00+00:00,56704.59765625,58239.1953125,56316.875,58009.2265625,58009.2265625,27849512607
2024-07-10 00:00:00+00:00,58033.8828125,59359.43359375,57178.4140625,57742.49609375,57742.49609375,26175260526
2024-07-11 00:00:00+00:00,57729.890625,59299.43359375,57120.37890625,57344.9140625,57344.9140625,28707803842
2024-07-12 00:00:00+00:00,57341.1953125,58532.5546875,56590.17578125,57899.46484375,57899.46484375,25604805221
2024-07-13 00:00:00+00:00,57908.73828125,59787.078125,57796.44140625,59231.953125,59231.953125,17080061806
2024-07-14 00:00:00+00:00,59225.25,61329.52734375,59225.25,60787.79296875,60787.79296875,22223416061
2024-07-15 00:00:00+00:00,60815.45703125,64870.15234375,60704.9296875,64870.15234375,64870.15234375,38094526099
2024-07-16 00:00:00+00:00,64784.41796875,65354.33984375,62487.96875,65097.1484375,65097.1484375,41617346768
2024-07-17 00:00:00+00:00,65091.83203125,66066.734375,63896.0859375,64118.79296875,64118.79296875,32525071311
2024-07-18 00:00:00+00:00,64104.73828125,65104.66015625,63246.1640625,63974.06640625,63974.06640625,27239305337
2024-07-19 00:00:00+00:00,63972.32421875,67442.640625,63329.34375,66710.15625,66710.15625,37003855410
2024-07-20 00:00:00+00:00,66709.921875,67610.734375,66299.6171875,67163.6484375,67163.6484375,19029581250
2024-07-21 00:00:00+00:00,67164.9140625,68372.90625,65842.296875,68154.5234375,68154.5234375,26652190004
2024-07-22 00:00:00+00:00,68152.9765625,68480.0625,66611.296875,67585.25,67585.25,42649109453
2024-07-23 00:00:00+00:00,67584.8046875,67779.015625,65484.4609375,65927.671875,65927.671875,35605668666
2024-07-24 00:00:00+00:00,65927.859375,67113.984375,65146.99609375,65372.1328125,65372.1328125,27470942309
2024-07-25 00:00:00+00:00,65375.875,66112.421875,63473.47265625,65777.2265625,65777.2265625,38315761670
2024-07-26 00:00:00+00:00,65771.8125,68207.6015625,65743.765625,67912.0625,67912.0625,30488630457
2024-07-27 00:00:00+00:00,67911.8125,69398.5078125,66705.21875,67813.3359375,67813.3359375,34691905492
2024-07-28 00:00:00+00:00,67808.65625,68301.8515625,67085.828125,68255.8671875,68255.8671875,18043166945
2024-07-29 00:00:00+00:00,68259.0546875,69987.5390625,66532.59375,66819.9140625,66819.9140625,40780682628
2024-07-30 00:00:00+00:00,66819.0546875,66987.671875,65323.19140625,66201.015625,66201.015625,31380492109
2024-07-31 00:00:00+00:00,66201.2734375,66810.2109375,64532.046875,64619.25,64619.25,31292785994
2024-08-01 00:00:00+00:00,64625.83984375,65593.2421875,62248.94140625,65357.5,65357.5,40975554494
2024-08-02 00:00:00+00:00,65353.5,65523.22265625,61184.89453125,61415.06640625,61415.06640625,43060875727
2024-08-03 00:00:00+00:00,61414.80859375,62148.37109375,59836.52734375,60680.09375,60680.09375,31753030589
2024-08-04 00:00:00+00:00,60676.09375,61062.98828125,57210.8046875,58116.9765625,58116.9765625,31758917219
2024-08-05 00:00:00+00:00,58110.296875,58268.828125,49121.23828125,53991.45703125,53991.45703125,108991085584
2024-08-06 00:00:00+00:00,53991.34765625,57059.91796875,53973.2734375,56034.31640625,56034.31640625,49300484106
2024-08-07 00:00:00+00:00,56040.6328125,57726.8828125,54620.5078125,55027.4609375,55027.4609375,41637562185
2024-08-08 00:00:00+00:00,55030.02734375,62673.765625,54766.7265625,61710.13671875,61710.13671875,45298472567
2024-08-09 00:00:00+00:00,61728.20703125,61751.86328125,59587.859375,60880.11328125,60880.11328125,33425553115
2024-08-10 00:00:00+00:00,60881.23046875,61464.51171875,60287.56640625,60945.8125,60945.8125,15745822278
2024-08-11 00:00:00+00:00,60944.890625,61778.66015625,58348.82421875,58719.484375,58719.484375,22759754812
2024-08-12 00:00:00+00:00,58719.39453125,60680.33203125,57688.8984375,59354.515625,59354.515625,37078637820
2024-08-13 00:00:00+00:00,59356.20703125,61572.3984375,58506.25390625,60609.56640625,60609.56640625,30327698167
2024-08-14 00:00:00+00:00,60611.05078125,61687.7578125,58472.875,58737.26953125,58737.26953125,29961696180
2024-08-15 00:00:00+00:00,58733.26171875,59838.6484375,56161.59375,57560.09765625,57560.09765625,35682112440
2024-08-16 00:00:00+00:00,57560.2734375,59847.359375,57110.01953125,58894.10546875,58894.10546875,29350938673
2024-08-17 00:00:00+00:00,58893.53125,59694.66796875,58814.83203125,59478.97265625,59478.97265625,13589684021
2024-08-18 00:00:00+00:00,59468.1328125,60262.71875,58445.40234375,58483.96484375,58483.96484375,17740625837
2024-08-19 00:00:00+00:00,58480.7109375,59612.66015625,57864.7109375,59493.453125,59493.453125,25911207712
2024-08-20 00:00:00+00:00,59493.453125,61396.328125,58610.8828125,59012.79296875,59012.79296875,31613400008
2024-08-21 00:00:00+00:00,59014.98828125,61834.3515625,58823.4453125,61175.19140625,61175.19140625,32731154072
2024-08-22 00:00:00+00:00,61168.31640625,61408.109375,59815.25390625,60381.9140625,60381.9140625,27625734377
2024-08-23 00:00:00+00:00,60380.953125,64947.0625,60372.05078125,64094.35546875,64094.35546875,42530509233
2024-08-24 00:00:00+00:00,64103.87109375,64513.7890625,63619.91796875,64178.9921875,64178.9921875,21430585163
2024-08-25 00:00:00+00:00,64176.3671875,64996.421875,63833.51953125,64333.54296875,64333.54296875,18827683555
2024-08-26 00:00:00+00:00,64342.2265625,64489.70703125,62849.55859375,62880.66015625,62880.66015625,27682040631
2024-08-27 00:00:00+00:00,62879.70703125,63210.796875,58116.75,59504.1328125,59504.1328125,39103882198
2024-08-28 00:00:00+00:00,59507.92578125,60236.44921875,57890.67578125,59027.625,59027.625,40289564698
2024-08-29 00:00:00+00:00,59027.46875,61184.08203125,58786.2265625,59388.1796875,59388.1796875,32224990582
2024-08-30 00:00:00+00:00,59388.6015625,59896.88671875,57768.53125,59119.4765625,59119.4765625,32292756405
2024-08-31 00:00:00+00:00,59117.48046875,59432.59375,58768.78515625,58969.8984375,58969.8984375,12403470760
2024-09-01 00:00:00+00:00,58969.80078125,59062.0703125,57217.82421875,57325.48828125,57325.48828125,24592449997
2024-09-02 00:00:00+00:00,57326.96875,59403.0703125,57136.02734375,59112.48046875,59112.48046875,27036454524
2024-09-03 00:00:00+00:00,59106.19140625,59815.05859375,57425.16796875,57431.0234375,57431.0234375,26666961053
2024-09-04 00:00:00+00:00,57430.34765625,58511.5703125,55673.1640625,57971.5390625,57971.5390625,35627680312
2024-09-05 00:00:00+00:00,57971.703125,58300.58203125,55712.453125,56160.48828125,56160.48828125,31030280656
2024-09-06 00:00:00+00:00,56160.19140625,56976.109375,52598.69921875,53948.75390625,53948.75390625,49361693566
2024-09-07 00:00:00+00:00,53949.0859375,54838.14453125,53740.0703125,54139.6875,54139.6875,19061486526
2024-09-08 00:00:00+00:00,54147.93359375,55300.859375,53653.7578125,54841.56640625,54841.56640625,18268287531
2024-09-09 00:00:00+00:00,54851.88671875,58041.125,54598.43359375,57019.53515625,57019.53515625,34618096173
2024-09-10 00:00:00+00:00,57020.09765625,58029.9765625,56419.4140625,57648.7109375,57648.7109375,28857630507
2024-09-11 00:00:00+00:00,57650.2890625,57991.3203125,55567.33984375,57343.171875,57343.171875,37049062672
2024-09-12 00:00:00+00:00,57343.171875,58534.359375,57330.1015625,58127.01171875,58127.01171875,33835707949
2024-09-13 00:00:00+00:00,58130.32421875,60648.0234375,57650.11328125,60571.30078125,60571.30078125,32490528356
2024-09-14 00:00:00+00:00,60569.1171875,60656.72265625,59517.8828125,60005.12109375,60005.12109375,16428405496
2024-09-15 00:00:00+00:00,60000.7265625,60381.91796875,58696.30859375,59182.8359375,59182.8359375,18120960867
2024-09-16 00:00:00+00:00,59185.2265625,59205.51171875,57501.33984375,58192.5078125,58192.5078125,32032822113
2024-09-17 00:00:00+00:00,58192.5078125,61316.08984375,57628.0703125,60308.5390625,60308.5390625,38075570118
2024-09-18 00:00:00+00:00,60309.0,61664.06640625,59218.25390625,61649.6796875,61649.6796875,40990702891
2024-09-19 00:00:00+00:00,61651.15625,63872.44140625,61609.8671875,62940.45703125,62940.45703125,42710252573
2024-09-20 00:00:00+00:00,62941.42578125,64119.53125,62364.60546875,63192.9765625,63192.9765625,35177164222
2024-09-21 00:00:00+00:00,63184.33984375,63543.359375,62783.10546875,63394.83984375,63394.83984375,14408616220
2024-09-22 00:00:00+00:00,63396.8046875,63993.421875,62440.7265625,63648.7109375,63648.7109375,20183348802
2024-09-23 00:00:00+00:00,63643.1015625,64733.55859375,62628.078125,63329.80078125,63329.80078125,31400285425
2024-09-24 00:00:00+00:00,63326.83984375,64695.21484375,62737.41796875,64301.96875,64301.96875,29938335243
2024-09-25 00:00:00+00:00,64302.58984375,64804.50390625,62945.375,63143.14453125,63143.14453125,25078377700
2024-09-26 00:00:00+00:00,63138.546875,65790.796875,62669.26953125,65181.01953125,65181.01953125,36873129847
2024-09-27 00:00:00+00:00,65180.6640625,66480.6953125,64852.9921875,65790.6640625,65790.6640625,32058813449
2024-09-28 00:00:00+00:00,65792.1796875,66255.53125,65458.03515625,65887.6484375,65887.6484375,15243637984
2024-09-29 00:00:00+00:00,65888.8984375,66069.34375,65450.015625,65635.3046875,65635.3046875,14788214575
2024-09-30 00:00:00+00:00,65634.65625,65635.0546875,62873.6171875,63329.5,63329.5,37112957475
2024-10-01 00:00:00+00:00,63335.60546875,64110.98046875,60189.27734375,60837.0078125,60837.0078125,50220923500
2024-10-02 00:00:00+00:00,60836.32421875,62357.6875,59996.94921875,60632.78515625,60632.78515625,40762722398
2024-10-03 00:00:00+00:00,60632.484375,61469.0390625,59878.8046875,60759.40234375,60759.40234375,36106447279
2024-10-04 00:00:00+00:00,60754.625,62465.9921875,60459.94140625,62067.4765625,62067.4765625,29585472513
2024-10-05 00:00:00+00:00,62067.609375,62371.0234375,61689.58203125,62089.94921875,62089.94921875,13305410749
2024-10-06 00:00:00+00:00,62084.98828125,62959.5703125,61833.1484375,62818.953125,62818.953125,14776233667
2024-10-07 00:00:00+00:00,62819.109375,64443.70703125,62152.55078125,62236.66015625,62236.66015625,34253562610
2024-10-08 00:00:00+00:00,62221.64453125,63174.3046875,61843.5625,62131.96875,62131.96875,28134475157
2024-10-09 00:00:00+00:00,62131.7265625,62508.8359375,60314.61328125,60582.1015625,60582.1015625,27670982363
2024-10-10 00:00:00+00:00,60581.9296875,61236.72265625,58895.20703125,60274.5,60274.5,30452813570
2024-10-11 00:00:00+00:00,60275.4609375,63400.87109375,60046.125,62445.08984375,62445.08984375,30327141594
2024-10-12 00:00:00+00:00,62444.6171875,63448.78515625,62443.26953125,63193.0234375,63193.0234375,16744110886
2024-10-13 00:00:00+00:00,63192.9453125,63272.65234375,62035.63671875,62851.375,62851.375,18177529690
2024-10-14 00:00:00+00:00,62848.3984375,66482.4921875,62442.15234375,66046.125,66046.125,43706958056
2024-10-15 00:00:00+00:00,66050.3671875,67881.6796875,64809.1953125,67041.109375,67041.109375,48863870879
2024-10-16 00:00:00+00:00,67042.4609375,68375.2890625,66758.7265625,67612.71875,67612.71875,38195189534
2024-10-17 00:00:00+00:00,67617.078125,67912.2109375,66647.390625,67399.8359375,67399.8359375,32790898511
2024-10-18 00:00:00+00:00,67419.109375,68969.75,67177.8203125,68418.7890625,68418.7890625,36857165014
2024-10-19 00:00:00+00:00,68418.9765625,68668.0078125,68024.640625,68362.734375,68362.734375,14443497908
2024-10-20 00:00:00+00:00,68364.1796875,69359.0078125,68105.71875,69001.703125,69001.703125,18975847518
2024-10-21 00:00:00+00:00,69002.0,69462.734375,66829.8515625,67367.8515625,67367.8515625,37498611780
2024-10-22 00:00:00+00:00,67360.703125,67801.578125,66581.3671875,67361.40625,67361.40625,31808472566
2024-10-23 00:00:00+00:00,67362.375,67402.7421875,65188.03515625,66432.1953125,66432.1953125,32263980353
2024-10-24 00:00:00+00:00,66653.703125,68798.9609375,66454.1015625,68161.0546875,68161.0546875,31414428647
2024-10-25 00:00:00+00:00,68165.296875,68722.15625,65521.79296875,66642.4140625,66642.4140625,41469984306
2024-10-26 00:00:00+00:00,66628.734375,67317.921875,66360.59375,67014.6953125,67014.6953125,19588098156
2024-10-27 00:00:00+00:00,67023.4765625,68221.3125,66847.2265625,67929.296875,67929.296875,16721307878
2024-10-28 00:00:00+00:00,67922.671875,70212.265625,67535.1328125,69907.7578125,69907.7578125,38799856657
2024-10-29 00:00:00+00:00,69910.046875,73577.2109375,69729.9140625,72720.4921875,72720.4921875,58541874402
2024-10-30 00:00:00+00:00,72715.3671875,72905.296875,71411.734375,72339.5390625,72339.5390625,40646637831
2024-10-31 00:00:00+00:00,72335.046875,72662.3125,69590.5,70215.1875,70215.1875,40627912076
2024-11-01 00:00:00+00:00,70216.8984375,71559.015625,68779.703125,69482.46875,69482.46875,49989795365
2024-11-02 00:00:00+00:00,69486.0234375,69867.3515625,69033.71875,69289.2734375,69289.2734375,18184612091
2024-11-03 00:00:00+00:00,69296.3828125,69361.65625,67482.5234375,68741.1171875,68741.1171875,34868307655
2024-11-04 00:00:00+00:00,68742.1328125,69433.1796875,66803.6484375,67811.5078125,67811.5078125,41184819348
2024-11-05 00:00:00+00:00,67811.171875,70522.7890625,67458.8671875,69359.5625,69359.5625,46046889204
2024-11-06 00:00:00+00:00,69358.5,76460.15625,69322.03125,75639.078125,75639.078125,118592653963
2024-11-07 00:00:00+00:00,75637.0859375,76943.1171875,74480.421875,75904.859375,75904.859375,63467654989
2024-11-08 00:00:00+00:00,75902.8359375,77252.75,75648.7421875,76545.4765625,76545.4765625,55176858003
2024-11-09 00:00:00+00:00,76556.1875,76932.765625,75773.7890625,76778.8671875,76778.8671875,29009480361
2024-11-10 00:00:00+00:00,76775.546875,81474.421875,76565.4296875,80474.1875,80474.1875,82570594495
2024-11-11 00:00:00+00:00,80471.4140625,89604.5,80283.25,88701.484375,88701.484375,117966845037
2024-11-12 00:00:00+00:00,88705.5625,89956.8828125,85155.109375,87955.8125,87955.8125,133673285375
2024-11-13 00:00:00+00:00,87929.96875,93434.3515625,86256.9296875,90584.1640625,90584.1640625,123559027869
2024-11-14 00:00:00+00:00,90574.8828125,91765.21875,86682.8125,87250.4296875,87250.4296875,87616705248
2024-11-15 00:00:00+00:00,87284.1796875,91868.7421875,87124.8984375,91066.0078125,91066.0078125,78243109518
2024-11-16 00:00:00+00:00,91064.3671875,91763.9453125,90094.2265625,90558.4765625,90558.4765625,44333192814
2024-11-17 00:00:00+00:00,90558.4609375,91433.0390625,88741.6640625,89845.8515625,89845.8515625,46350159305
2024-11-18 00:00:00+00:00,89843.71875,92596.7890625,89393.59375,90542.640625,90542.640625,75535775084
2024-11-19 00:00:00+00:00,90536.8125,94002.8671875,90426.984375,92343.7890625,92343.7890625,74521048295
2024-11-20 00:00:00+00:00,92341.890625,94902.0234375,91619.5,94339.4921875,94339.4921875,71730956426
2024-11-21 00:00:00+00:00,94334.640625,99014.21875,94132.6015625,98504.7265625,98504.7265625,106024505582
2024-11-22 00:00:00+00:00,98496.4296875,99655.5,97222.6640625,98997.6640625,98997.6640625,78473580551
2024-11-23 00:00:00+00:00,99006.7421875,99014.6796875,97232.890625,97777.28125,97777.28125,44414644677
2024-11-24 00:00:00+00:00,97778.09375,98647.1796875,95788.078125,98013.8203125,98013.8203125,51712020623
2024-11-25 00:00:00+00:00,98033.4453125,98935.03125,92642.9140625,93102.296875,93102.296875,80909462490
2024-11-26 00:00:00+00:00,93087.28125,94991.75,90770.8125,91985.3203125,91985.3203125,91656519855
2024-11-27 00:00:00+00:00,91978.140625,97361.1796875,91778.6640625,95962.53125,95962.53125,71133452438
2024-11-28 00:00:00+00:00,95954.9453125,96650.203125,94677.3515625,95652.46875,95652.46875,52260008261
2024-11-29 00:00:00+00:00,95653.953125,98693.171875,95407.8828125,97461.5234375,97461.5234375,54968682476
2024-11-30 00:00:00+00:00,97468.8125,97499.34375,96144.21875,96449.0546875,96449.0546875,31634227866
2024-12-01 00:00:00+00:00,96461.3359375,97888.125,95770.1875,97279.7890625,97279.7890625,36590695296
2024-12-02 00:00:00+00:00,97276.0078125,98152.6015625,94482.8671875,95865.3046875,95865.3046875,72680784305
2024-12-03 00:00:00+00:00,95854.59375,96297.203125,93629.5625,96002.1640625,96002.1640625,67067810961
2024-12-04 00:00:00+00:00,95988.53125,99207.328125,94660.5234375,98768.53125,98768.53125,77199817112
2024-12-05 00:00:00+00:00,98741.5390625,103900.46875,91998.78125,96593.5703125,96593.5703125,149218945580
2024-12-06 00:00:00+00:00,97074.2265625,102039.8828125,96514.875,99920.7109375,99920.7109375,94534772658
2024-12-07 00:00:00+00:00,99916.7109375,100563.3828125,99030.8828125,99923.3359375,99923.3359375,44177510897
2024-12-08 00:00:00+00:00,99921.9140625,101399.9921875,98771.515625,101236.015625,101236.015625,44125751925
2024-12-09 00:00:00+00:00,101237.0625,101272.5078125,94355.9140625,97432.71875,97432.71875,110676473908
2024-12-10 00:00:00+00:00,97441.234375,98270.15625,94321.2578125,96675.4296875,96675.4296875,104823780634
2024-12-11 00:00:00+00:00,96656.0625,101913.359375,95747.2265625,101173.03125,101173.03125,85391409936
2024-12-12 00:00:00+00:00,101167.8046875,102524.9140625,99339.953125,100043.0,100043.0,72073983533
2024-12-13 00:00:00+00:00,100046.6484375,101888.8046875,99233.28125,101459.2578125,101459.2578125,56894751583
2024-12-14 00:00:00+00:00,101451.4375,102618.8828125,100634.0546875,101372.96875,101372.96875,40422968793
2024-12-15 00:00:00+00:00,101373.53125,105047.5390625,101227.03125,104298.6953125,104298.6953125,51145914137
2024-12-16 00:00:00+00:00,104293.578125,107780.578125,103322.984375,106029.71875,106029.71875,91020417816
2024-12-17 00:00:00+00:00,106030.6875,108268.4453125,105291.734375,106140.6015625,106140.6015625,68589364868
2024-12-18 00:00:00+00:00,106147.296875,106470.609375,100041.5390625,100041.5390625,100041.5390625,93865656139
2024-12-19 00:00:00+00:00,100070.6875,102748.1484375,95587.6796875,97490.953125,97490.953125,97221662392
2024-12-20 00:00:00+00:00,97484.6953125,98098.9140625,92175.1796875,97755.9296875,97755.9296875,105634083408
2024-12-21 00:00:00+00:00,97756.1953125,99507.1015625,96426.5234375,97224.7265625,97224.7265625,51765334294
2024-12-22 00:00:00+00:00,97218.3203125,97360.265625,94202.1875,95104.9375,95104.9375,43147981314
2024-12-23 00:00:00+00:00,95099.390625,96416.2109375,92403.1328125,94686.2421875,94686.2421875,65239002919
2024-12-24 00:00:00+00:00,94684.34375,99404.0625,93448.015625,98676.09375,98676.09375,47114953674
2024-12-25 00:00:00+00:00,98675.9140625,99478.75,97593.46875,99299.1953125,99299.1953125,33700394629
2024-12-26 00:00:00+00:00,99297.6953125,99884.5703125,95137.8828125,95795.515625,95795.515625,47054980873
2024-12-27 00:00:00+00:00,95704.9765625,97294.84375,93310.7421875,94164.859375,94164.859375,52419934565
2024-12-28 00:00:00+00:00,94160.1875,95525.8984375,94014.2890625,95163.9296875,95163.9296875,24107436185
2024-12-29 00:00:00+00:00,95174.0546875,95174.875,92881.7890625,93530.2265625,93530.2265625,29635885267
2024-12-30 00:00:00+00:00,93527.1953125,94903.3203125,91317.1328125,92643.2109375,92643.2109375,56188003691
2024-12-31 00:00:00+00:00,92643.25,96090.6015625,91914.03125,93429.203125,93429.203125,43625106843
2025-01-01 00:00:00+00:00,93425.1015625,94929.8671875,92788.125,94419.7578125,94419.7578125,24519888919
2025-01-02 00:00:00+00:00,94416.2890625,97739.8203125,94201.5703125,96886.875,96886.875,46009564411
2025-01-03 00:00:00+00:00,96881.7265625,98956.9140625,96034.6171875,98107.4296875,98107.4296875,35611391163
2025-01-04 00:00:00+00:00,98106.9921875,98734.4296875,97562.9765625,98236.2265625,98236.2265625,22342608078
2025-01-05 00:00:00+00:00,98233.90625,98813.3046875,97291.765625,98314.9609375,98314.9609375,20525254825
2025-01-06 00:00:00+00:00,98314.953125,102482.875,97926.1484375,102078.0859375,102078.0859375,51823432705
2025-01-07 00:00:00+00:00,102248.8515625,102712.484375,96132.875,96922.703125,96922.703125,58685738547
2025-01-08 00:00:00+00:00,96924.1640625,97258.3203125,92525.84375,95043.5234375,95043.5234375,63875859171
2025-01-09 00:00:00+00:00,95043.484375,95349.71875,91220.84375,92484.0390625,92484.0390625,62777261693
2025-01-10 00:00:00+00:00,92494.4921875,95770.609375,92250.09375,94701.453125,94701.453125,62058693684
2025-01-11 00:00:00+00:00,94700.8359375,94977.6875,93840.046875,94566.59375,94566.59375,18860894100
2025-01-12 00:00:00+00:00,94565.7265625,95367.5390625,93712.5078125,94488.4375,94488.4375,20885130965
2025-01-13 00:00:00+00:00,94488.890625,95837.0,89260.1015625,94516.5234375,94516.5234375,72978998252
2025-01-14 00:00:00+00:00,94519.0078125,97352.6640625,94322.15625,96534.046875,96534.046875,53769675818
2025-01-15 00:00:00+00:00,96534.046875,100697.234375,96501.640625,100504.4921875,100504.4921875,57805923627
2025-01-16 00:00:00+00:00,100505.296875,100781.5859375,97364.4453125,99756.90625,99756.90625,54103781805
2025-01-17 00:00:00+00:00,100025.765625,105884.2265625,99948.90625,104462.0390625,104462.0390625,71888972663
2025-01-18 00:00:00+00:00,104124.953125,104913.203125,102226.6171875,104408.0703125,104408.0703125,50445655726
2025-01-19 00:00:00+00:00,104411.2890625,106299.796875,99570.53125,101089.609375,101089.609375,76789928525
2025-01-20 00:00:00+00:00,101083.75,109114.8828125,99471.359375,102016.6640625,102016.6640625,126279678351
2025-01-21 00:00:00+00:00,102052.578125,107180.921875,100103.953125,106146.265625,106146.265625,88733878242
2025-01-22 00:00:00+00:00,106136.3828125,106294.34375,103360.265625,103653.0703125,103653.0703125,53878181052
2025-01-23 00:00:00+00:00,103657.671875,106820.328125,101257.8046875,103960.171875,103960.171875,104104515428
2025-01-24 00:00:00+00:00,103965.671875,107098.546875,102772.125,104819.484375,104819.484375,52388229265
2025-01-25 00:00:00+00:00,104824.03125,105243.7890625,104120.375,104714.6484375,104714.6484375,23888996502
2025-01-26 00:00:00+00:00,104713.2109375,105438.6484375,102507.7109375,102682.5,102682.5,22543395879
2025-01-27 00:00:00+00:00,102680.3046875,103214.109375,97795.9375,102087.6875,102087.6875,89006608428
2025-01-28 00:00:00+00:00,102095.4140625,103730.8203125,100238.1875,101332.4765625,101332.4765625,47180685494
2025-01-29 00:00:00+00:00,101317.5234375,104750.8046875,101283.8203125,103703.2109375,103703.2109375,47432049818
2025-01-30 00:00:00+00:00,103709.3359375,106418.765625,103321.6484375,104735.3046875,104735.3046875,41915744521
2025-01-31 00:00:00+00:00,104737.5625,106026.3515625,101543.8828125,102405.0234375,102405.0234375,45732764360
2025-02-01 00:00:00+00:00,102402.796875,102755.7265625,100297.7109375,100655.90625,100655.90625,27757944848
2025-02-02 00:00:00+00:00,100661.5390625,101430.6640625,96216.078125,97688.9765625,97688.9765625,63091816853
2025-02-03 00:00:00+00:00,97681.1015625,102514.171875,91242.890625,101405.421875,101405.421875,115400897748
2025-02-04 00:00:00+00:00,101398.71875,101745.6171875,96208.109375,97871.8203125,97871.8203125,73002130211
2025-02-05 00:00:00+00:00,97878.0078125,99113.2109375,96174.828125,96615.4453125,96615.4453125,49125911241
2025-02-06 00:00:00+00:00,96610.640625,99168.609375,95707.3515625,96593.296875,96593.296875,45302471947
2025-02-07 00:00:00+00:00,96581.3203125,100154.140625,95653.8828125,96529.0859375,96529.0859375,55741290456
2025-02-08 00:00:00+00:00,96533.2578125,96877.8046875,95702.4921875,96482.453125,96482.453125,22447526395
2025-02-09 00:00:00+00:00,96481.3125,97325.28125,94745.2578125,96500.09375,96500.09375,27732901800
2025-02-10 00:00:00+00:00,96499.4609375,98333.21875,95320.84375,97437.5546875,97437.5546875,40078962391
2025-02-11 00:00:00+00:00,97438.1328125,98492.8984375,94875.0390625,95747.4296875,95747.4296875,37488783272
2025-02-12 00:00:00+00:00,95745.6953125,98151.0234375,94101.203125,97885.859375,97885.859375,49340445530
2025-02-13 00:00:00+00:00,97888.75,98111.0859375,95269.7109375,96623.8671875,96623.8671875,37147280860
2025-02-14 00:00:00+00:00,96623.3671875,98819.46875,96342.8046875,97508.96875,97508.96875,32697987277
2025-02-15 00:00:00+00:00,97508.3828125,97975.0390625,97240.1953125,97580.3515625,97580.3515625,17047266288
2025-02-16 00:00:00+00:00,97580.4921875,97725.59375,96060.9765625,96175.03125,96175.03125,16536755396
2025-02-17 00:00:00+00:00,96179.0078125,97032.234375,95243.546875,95773.3828125,95773.3828125,27336550690
2025-02-18 00:00:00+00:00,95773.8125,96695.375,93388.8359375,95539.546875,95539.546875,37325720482
2025-02-19 00:00:00+00:00,95532.53125,96855.59375,95011.96875,96635.609375,96635.609375,28990872862
2025-02-20 00:00:00+00:00,96632.6796875,98767.1953125,96442.671875,98333.9375,98333.9375,31668022771
2025-02-21 00:00:00+00:00,98340.671875,99497.96875,94852.9609375,96125.546875,96125.546875,49608706470
2025-02-22 00:00:00+00:00,96134.203125,96950.15625,95765.34375,96577.7578125,96577.7578125,18353824477
2025-02-23 00:00:00+00:00,96577.8046875,96671.875,95270.453125,96273.921875,96273.921875,16999478976
2025-02-24 00:00:00+00:00,96277.9609375,96503.453125,91371.7421875,91418.171875,91418.171875,44046480529
2025-02-25 00:00:00+00:00,91437.1171875,92511.078125,86008.234375,88736.171875,88736.171875,92139104128
2025-02-26 00:00:00+00:00,88638.890625,89286.25,82131.8984375,84347.0234375,84347.0234375,64597492134
2025-02-27 00:00:00+00:00,84076.859375,87000.78125,83144.9609375,84704.2265625,84704.2265625,52659591954
2025-02-28 00:00:00+00:00,84705.625,85036.3203125,78248.9140625,84373.0078125,84373.0078125,83610570576
2025-03-01 00:00:00+00:00,84373.8671875,86522.3046875,83794.234375,86031.9140625,86031.9140625,29190628396
2025-03-02 00:00:00+00:00,86036.2578125,95043.4375,85040.2109375,94248.3515625,94248.3515625,58398341092
2025-03-03 00:00:00+00:00,94248.421875,94429.75,85081.3046875,86065.671875,86065.671875,70072228536
2025-03-04 00:00:00+00:00,86064.0703125,88911.2734375,81529.2421875,87222.1953125,87222.1953125,68095241474
2025-03-05 00:00:00+00:00,87222.953125,90998.2421875,86379.7734375,90623.5625,90623.5625,50498988027
2025-03-06 00:00:00+00:00,90622.359375,92804.9375,87852.140625,89961.7265625,89961.7265625,47749810486
2025-03-07 00:00:00+00:00,89963.28125,91191.046875,84717.6796875,86742.671875,86742.671875,65945677657
2025-03-08 00:00:00+00:00,86742.65625,86847.265625,85247.484375,86154.59375,86154.59375,18206118081
2025-03-09 00:00:00+00:00,86154.3046875,86471.1328125,80052.484375,80601.0390625,80601.0390625,30899345977
2025-03-10 00:00:00+00:00,80597.1484375,83955.9296875,77420.59375,78532.0,78532.0,54061099422
2025-03-11 00:00:00+00:00,78523.875,83577.7578125,76624.25,82862.2109375,82862.2109375,54702837196
2025-03-12 00:00:00+00:00,82857.375,84358.578125,80635.25,83722.359375,83722.359375,40353484454
2025-03-13 00:00:00+00:00,83724.921875,84301.6953125,79931.8515625,81066.703125,81066.703125,31412940153
2025-03-14 00:00:00+00:00,81066.9921875,85263.2890625,80797.5625,83969.1015625,83969.1015625,29588112414
2025-03-15 00:00:00+00:00,83968.40625,84672.671875,83639.59375,84343.109375,84343.109375,13650491277
2025-03-16 00:00:00+00:00,84333.3203125,85051.6015625,82017.90625,82579.6875,82579.6875,21330270174
2025-03-17 00:00:00+00:00,82576.3359375,84725.328125,82492.15625,84075.6875,84075.6875,25092785558
2025-03-18 00:00:00+00:00,84075.71875,84075.71875,81179.9921875,82718.5,82718.5,24095774594
2025-03-19 00:00:00+00:00,82718.8046875,87021.1875,82569.7265625,86854.2265625,86854.2265625,34931960257
2025-03-20 00:00:00+00:00,86872.953125,87443.265625,83647.1953125,84167.1953125,84167.1953125,29028988961
2025-03-21 00:00:00+00:00,84164.5390625,84782.2734375,83171.0703125,84043.2421875,84043.2421875,19030452299
2025-03-22 00:00:00+00:00,84046.2578125,84513.875,83674.78125,83832.484375,83832.484375,9863214091
2025-03-23 00:00:00+00:00,83831.8984375,86094.78125,83794.9140625,86054.375,86054.375,12594615537
2025-03-24 00:00:00+00:00,86070.9296875,88758.7265625,85541.1953125,87498.9140625,87498.9140625,34582604933
2025-03-25 00:00:00+00:00,87512.8203125,88542.3984375,86346.078125,87471.703125,87471.703125,30005840049
2025-03-26 00:00:00+00:00,87460.234375,88292.15625,85861.453125,86900.8828125,86900.8828125,26704046038
2025-03-27 00:00:00+00:00,86896.2578125,87786.7265625,85837.9375,87177.1015625,87177.1015625,24413471941
2025-03-28 00:00:00+00:00,87185.234375,87489.859375,83557.640625,84353.1484375,84353.1484375,34198619509
2025-03-29 00:00:00+00:00,84352.0703125,84567.3359375,81634.140625,82597.5859375,82597.5859375,16969396135
2025-03-30 00:00:00+00:00,82596.984375,83505.0,81573.25,82334.5234375,82334.5234375,14763760943
2025-03-31 00:00:00+00:00,82336.0625,83870.125,81293.890625,82548.9140625,82548.9140625,29004228247
2025-04-01 00:00:00+00:00,82551.921875,85487.3671875,82429.359375,85169.171875,85169.171875,28175650319
2025-04-02 00:00:00+00:00,85180.609375,88466.953125,82343.5390625,82485.7109375,82485.7109375,47584398470
2025-04-03 00:00:00+00:00,82487.4765625,83909.296875,81282.1015625,83102.828125,83102.828125,36852112080
2025-04-04 00:00:00+00:00,83100.25,84696.1484375,81670.75,83843.8046875,83843.8046875,45157640207
2025-04-05 00:00:00+00:00,83844.703125,84207.015625,82377.734375,83504.796875,83504.796875,14380803631
2025-04-06 00:00:00+00:00,83504.5078125,83704.71875,77097.7421875,78214.484375,78214.484375,36294853736
2025-04-07 00:00:00+00:00,78221.3359375,81119.0625,74436.6796875,79235.3359375,79235.3359375,91262424987
2025-04-08 00:00:00+00:00,79218.4765625,80823.890625,76198.0234375,76271.953125,76271.953125,48314590749
2025-04-09 00:00:00+00:00,76273.5625,83541.0,74589.671875,82573.953125,82573.953125,84213627038
2025-04-10 00:00:00+00:00,82565.9765625,82700.9296875,78456.1328125,79626.140625,79626.140625,44718000633
2025-04-11 00:00:00+00:00,79625.046875,84247.4765625,78936.3203125,83404.8359375,83404.8359375,41656778779
2025-04-12 00:00:00+00:00,83404.515625,85856.1875,82769.375,85287.109375,85287.109375,24258059104
2025-04-13 00:00:00+00:00,85279.46875,86015.1875,83027.0078125,83684.9765625,83684.9765625,28796984817
2025-04-14 00:00:00+00:00,83694.5234375,85785.0,83690.640625,84542.390625,84542.390625,34090769777
2025-04-15 00:00:00+00:00,84539.6953125,86429.3515625,83598.8203125,83668.9921875,83668.9921875,28040322885
2025-04-16 00:00:00+00:00,83674.5078125,85428.28125,83100.6171875,84033.8671875,84033.8671875,29617804112
2025-04-17 00:00:00+00:00,84030.671875,85449.0703125,83749.75,84895.75,84895.75,21276866029
2025-04-18 00:00:00+00:00,84900.1875,85095.046875,84298.8828125,84450.8046875,84450.8046875,12728372364
2025-04-19 00:00:00+00:00,84450.8671875,85597.703125,84353.4609375,85063.4140625,85063.4140625,15259300427
2025-04-20 00:00:00+00:00,85066.0703125,85306.3828125,83976.84375,85174.3046875,85174.3046875,14664050812
2025-04-21 00:00:00+00:00,85171.5390625,88460.09375,85143.8359375,87518.90625,87518.90625,41396190190
2025-04-22 00:00:00+00:00,87521.875,93817.3828125,87084.53125,93441.890625,93441.890625,55899038456
2025-04-23 00:00:00+00:00,93427.5859375,94535.734375,91962.9609375,93699.109375,93699.109375,41719568821
2025-04-24 00:00:00+00:00,93692.3984375,94016.1953125,91696.7109375,93943.796875,93943.796875,31483175315
2025-04-25 00:00:00+00:00,93954.25,95768.390625,92898.59375,94720.5,94720.5,40915232364
2025-04-26 00:00:00+00:00,94714.6484375,95251.359375,93927.25,94646.9296875,94646.9296875,17612825123
2025-04-27 00:00:00+00:00,94660.90625,95301.203125,93665.3984375,93754.84375,93754.84375,18090367764
2025-04-28 00:00:00+00:00,93755.3046875,95598.4921875,92860.8046875,94978.75,94978.75,32363449569
2025-04-29 00:00:00+00:00,94981.859375,95485.4140625,93796.6328125,94284.7890625,94284.7890625,25806129921
2025-04-30 00:00:00+00:00,94286.46875,95249.3203125,92979.640625,94207.3125,94207.3125,28344679831
2025-05-01 00:00:00+00:00,94212.859375,97437.9609375,94153.6328125,96492.3359375,96492.3359375,32875889623
2025-05-02 00:00:00+00:00,96494.96875,97905.8984375,96375.9453125,96910.0703125,96910.0703125,26421924677
2025-05-03 00:00:00+00:00,96904.6328125,96943.8828125,95821.2890625,95891.796875,95891.796875,15775154889
2025-05-04 00:00:00+00:00,95877.1875,96318.921875,94173.4296875,94315.9765625,94315.9765625,18198688416
2025-05-05 00:00:00+00:00,94319.5625,95193.1875,93566.265625,94748.0546875,94748.0546875,25816260327
2025-05-06 00:00:00+00:00,94748.3828125,96889.1796875,93399.859375,96802.4765625,96802.4765625,26551275827
2025-05-07 00:00:00+00:00,96800.1953125,97625.8046875,95829.3359375,97032.3203125,97032.3203125,76983822462
2025-05-08 00:00:00+00:00,97034.25,103969.5390625,96913.875,103241.4609375,103241.4609375,69895404397
2025-05-09 00:00:00+00:00,103239.125,104297.4921875,102343.09375,102970.8515625,102970.8515625,58198593958
2025-05-10 00:00:00+00:00,102973.7109375,104961.765625,102830.484375,104696.328125,104696.328125,42276713994
2025-05-11 00:00:00+00:00,104701.0703125,104937.9921875,103364.7421875,104106.359375,104106.359375,46285517406
2025-05-12 00:00:00+00:00,104106.9609375,105747.453125,100814.40625,102812.953125,102812.953125,63250475404
2025-05-13 00:00:00+00:00,102812.4921875,104997.421875,101515.09375,104169.8125,104169.8125,52608876410
2025-05-14 00:00:00+00:00,104167.328125,104303.5625,102618.296875,103539.4140625,103539.4140625,45956071155
2025-05-15 00:00:00+00:00,103538.828125,104153.6171875,101440.8125,103744.640625,103744.640625,50408241840
2025-05-16 00:00:00+00:00,103735.65625,104533.484375,103137.4765625,103489.2890625,103489.2890625,44386499364
2025-05-17 00:00:00+00:00,103489.2890625,103716.9453125,102659.1796875,103191.0859375,103191.0859375,37898552742
2025-05-18 00:00:00+00:00,103186.953125,106597.171875,103142.6015625,106446.0078125,106446.0078125,49887082058
2025-05-19 00:00:00+00:00,106430.53125,107068.71875,102112.6875,105606.1796875,105606.1796875,61761126647
2025-05-20 00:00:00+00:00,105605.40625,107307.1171875,104206.515625,106791.0859375,106791.0859375,36515726122
2025-05-21 00:00:00+00:00,106791.3125,110724.4609375,106127.234375,109678.078125,109678.078125,78086364051
2025-05-22 00:00:00+00:00,109673.4921875,111970.171875,109285.0703125,111673.28125,111673.28125,70157575642
2025-05-23 00:00:00+00:00,111679.359375,111798.90625,106841.3046875,107287.796875,107287.796875,67548133399
2025-05-24 00:00:00+00:00,107278.5078125,109454.5234375,106895.2890625,107791.15625,107791.15625,45903627163
2025-05-25 00:00:00+00:00,107802.2734375,109313.3046875,106683.375,109035.390625,109035.390625,47518041841
2025-05-26 00:00:00+00:00,109023.78125,110376.8828125,108735.640625,109440.3671875,109440.3671875,45950461571
2025-05-27 00:00:00+00:00,109440.40625,110744.2109375,107609.5546875,108994.640625,108994.640625,57450176272
2025-05-28 00:00:00+00:00,108992.171875,109298.2890625,106812.9296875,107802.328125,107802.328125,49155377493
2025-05-29 00:00:00+00:00,107795.5703125,108910.046875,105374.3984375,105641.7578125,105641.7578125,56022752042
2025-05-30 00:00:00+00:00,105646.2109375,106308.9453125,103685.7890625,103998.5703125,103998.5703125,57655287183
2025-05-31 00:00:00+00:00,103994.71875,104927.1015625,103136.1171875,104638.09375,104638.09375,38997843858
2025-06-01 00:00:00+00:00,104637.296875,105884.546875,103826.953125,105652.1015625,105652.1015625,37397056873
2025-06-02 00:00:00+00:00,105649.8125,105958.3125,103727.546875,105881.53125,105881.53125,45819706290
2025-06-03 00:00:00+00:00,105888.4765625,106813.578125,104920.84375,105432.46875,105432.46875,46196508367
2025-06-04 00:00:00+00:00,105434.3671875,105997.6953125,104232.703125,104731.984375,104731.984375,44544857105
2025-06-05 00:00:00+00:00,104750.78125,105936.6875,100436.8828125,101575.953125,101575.953125,57479298400
2025-06-06 00:00:00+00:00,101574.3671875,105376.7734375,101169.5703125,104390.34375,104390.34375,48856653697
2025-06-07 00:00:00+00:00,104390.6484375,105972.7578125,103987.3125,105615.625,105615.625,38365033776
2025-06-08 00:00:00+00:00,105617.5078125,106497.0625,105075.328125,105793.6484375,105793.6484375,36626232328
2025-06-09 00:00:00+00:00,105793.0234375,110561.421875,105400.234375,110294.1015625,110294.1015625,55903193732
2025-06-10 00:00:00+00:00,110295.6875,110380.125,108367.7109375,110257.234375,110257.234375,54700101509
2025-06-11 00:00:00+00:00,110261.796875,110384.21875,108086.328125,108686.625,108686.625,50842662052
2025-06-12 00:00:00+00:00,108685.9140625,108780.6953125,105785.6875,105929.0546875,105929.0546875,54843867968
2025-06-13 00:00:00+00:00,105924.59375,106182.546875,102822.0234375,106090.96875,106090.96875,69550440846
2025-06-14 00:00:00+00:00,106108.0859375,106203.7578125,104379.3671875,105472.40625,105472.40625,38007870453
2025-06-15 00:00:00+00:00,105464.84375,106157.1015625,104519.8828125,105552.0234375,105552.0234375,36744307742
2025-06-16 00:00:00+00:00,105555.59375,108915.375,104997.625,106796.7578125,106796.7578125,50366626945
2025-06-17 00:00:00+00:00,106794.1171875,107750.1953125,103396.53125,104601.1171875,104601.1171875,55964092176
2025-06-18 00:00:00+00:00,104602.0703125,105581.8515625,103602.265625,104883.328125,104883.328125,47318089133
2025-06-19 00:00:00+00:00,104886.7734375,105250.890625,103940.7734375,104684.2890625,104684.2890625,37333806920
2025-06-20 00:00:00+00:00,104681.03125,106539.3828125,102372.2109375,103309.6015625,103309.6015625,50951862476
2025-06-21 00:00:00+00:00,103315.078125,104015.78125,100973.0625,102257.40625,102257.40625,38360555118
2025-06-22 00:00:00+00:00,102212.03125,103351.6328125,98286.203125,100987.140625,100987.140625,65536997201
2025-06-23 00:00:00+00:00,100987.4765625,106116.859375,99705.75,105577.7734375,105577.7734375,65237759656
2025-06-24 00:00:00+00:00,105571.515625,106316.828125,104740.2421875,106045.6328125,106045.6328125,48822986421
2025-06-25 00:00:00+00:00,106047.40625,108168.3984375,105881.390625,107361.2578125,107361.2578125,51624120283
2025-06-26 00:00:00+00:00,107375.0703125,108305.546875,106666.3515625,106960.0,106960.0,43891990613
2025-06-27 00:00:00+00:00,106954.921875,107772.46875,106449.9921875,107088.4296875,107088.4296875,45353692675
2025-06-28 00:00:00+00:00,107090.546875,107567.8828125,106883.9765625,107327.703125,107327.703125,30037708335
2025-06-29 00:00:00+00:00,107327.8203125,108526.3046875,107230.109375,108385.5703125,108385.5703125,35534874438
2025-06-30 00:00:00+00:00,108383.4375,108798.7890625,106759.6484375,107135.3359375,107135.3359375,42064804590
2025-07-01 00:00:00+00:00,107144.3828125,107550.6796875,105270.2265625,105698.28125,105698.28125,44110692247
2025-07-02 00:00:00+00:00,105703.1015625,109763.65625,105157.3984375,108859.3203125,108859.3203125,56248657737
2025-07-03 00:00:00+00:00,108845.015625,110541.4609375,108605.796875,109647.9765625,109647.9765625,50494742270
2025-07-04 00:00:00+00:00,109635.65625,109751.984375,107296.3828125,108034.3359375,108034.3359375,42616442656
2025-07-05 00:00:00+00:00,108015.8359375,108381.34375,107842.2734375,108231.1796875,108231.1796875,30615537520
2025-07-06 00:00:00+00:00,108231.1875,109731.625,107847.015625,109232.0703125,109232.0703125,36746020463
2025-07-07 00:00:00+00:00,109235.328125,109710.25,107527.0546875,108299.8515625,108299.8515625,45415696597
2025-07-08 00:00:00+00:00,108298.2265625,109198.96875,107499.5546875,108950.2734375,108950.2734375,44282204127
2025-07-09 00:00:00+00:00,108950.2734375,111925.375,108357.6796875,111326.5546875,111326.5546875,57927418065
2025-07-10 00:00:00+00:00,111329.1953125,116608.78125,110660.75,115987.203125,115987.203125,95911605728
2025-07-11 00:00:00+00:00,115986.234375,118856.4765625,115245.6875,117516.9921875,117516.9921875,86928361085
2025-07-12 00:00:00+00:00,117530.7109375,118219.8984375,116977.0234375,117435.2265625,117435.2265625,45524560304
2025-07-13 00:00:00+00:00,117432.203125,119449.5703125,117265.4375,119116.1171875,119116.1171875,49021091807
2025-07-14 00:00:00+00:00,119115.7890625,123091.609375,118959.1953125,119849.703125,119849.703125,181746419401
2025-07-15 00:00:00+00:00,119853.8515625,119935.5625,115765.6875,117777.1875,117777.1875,98321661181
2025-07-16 00:00:00+00:00,117777.1875,120065.515625,117064.8203125,118738.5078125,118738.5078125,72162029070
2025-07-17 00:00:00+00:00,118738.5078125,120999.609375,117508.21875,119289.84375,119289.84375,72363841798
2025-07-18 00:00:00+00:00,119284.109375,120851.9140625,116925.984375,118003.2265625,118003.2265625,77945799785
2025-07-19 00:00:00+00:00,117998.125,118541.3984375,117388.4140625,117939.9765625,117939.9765625,47564562765
2025-07-20 00:00:00+00:00,117944.109375,118865.03125,116550.1328125,117300.7890625,117300.7890625,57515447231
2025-07-21 00:00:00+00:00,117306.46875,119671.5625,116584.3984375,117439.5390625,117439.5390625,69820091744
2025-07-22 00:00:00+00:00,117426.5,120269.96875,116233.2265625,119995.4140625,119995.4140625,79217583118
2025-07-23 00:00:00+00:00,119997.4453125,120113.3515625,117391.390625,118754.9609375,118754.9609375,66608604537
2025-07-24 00:00:00+00:00,118770.984375,119535.453125,117247.96875,118368.0,118368.0,72627318560
2025-07-25 00:00:00+00:00,118368.0,118486.9765625,114759.8203125,117635.8828125,117635.8828125,104857024569
2025-07-26 00:00:00+00:00,117644.84375,118335.6875,117181.2265625,117947.3671875,117947.3671875,48508954046
2025-07-27 00:00:00+00:00,117944.7265625,119815.59375,117859.6875,119448.4921875,119448.4921875,54683390892
2025-07-28 00:00:00+00:00,119457.5234375,119819.7890625,117441.4375,117924.4765625,117924.4765625,64822943193
2025-07-29 00:00:00+00:00,117938.5859375,119273.8671875,116987.3671875,117922.1484375,117922.1484375,68463107433
2025-07-30 00:00:00+00:00,117921.9921875,118780.7265625,115800.828125,117831.1875,117831.1875,68896148592
2025-07-31 00:00:00+00:00,117833.6328125,118919.984375,115505.21875,115758.203125,115758.203125,69370346018
2025-08-01 00:00:00+00:00,115738.953125,116060.7734375,112724.4453125,113320.0859375,113320.0859375,91294530181
2025-08-02 00:00:00+00:00,113320.390625,114021.6015625,112005.765625,112526.9140625,112526.9140625,56870866000
2025-08-03 00:00:00+00:00,112525.8046875,114747.421875,111943.8046875,114217.671875,114217.671875,48099615826
2025-08-04 00:00:00+00:00,114223.921875,115729.46875,114130.40625,115071.8828125,115071.8828125,35783028986
2025-08-05 00:00:00+00:00,115072.1875,115117.4375,112701.109375,114141.4453125,114141.4453125,61039182286
2025-08-06 00:00:00+00:00,114140.9140625,115737.8359375,113372.25,115028.0,115028.0,56379133510
2025-08-07 00:00:00+00:00,115030.0546875,117676.90625,114279.7109375,117496.8984375,117496.8984375,64051649681
2025-08-08 00:00:00+00:00,117505.5,117689.203125,115917.4609375,116688.7265625,116688.7265625,59713005166
2025-08-09 00:00:00+00:00,116678.2734375,117906.609375,116363.8359375,116500.359375,116500.359375,54004312429
2025-08-10 00:00:00+00:00,116497.71875,119320.7109375,116485.1640625,119306.7578125,119306.7578125,64755458694
2025-08-11 00:00:00+00:00,119306.8125,122321.09375,118159.03125,118731.4453125,118731.4453125,90528784177
2025-08-12 00:00:00+00:00,118717.6640625,120302.46875,118228.71875,120172.90625,120172.90625,72803657984
2025-08-13 00:00:00+00:00,120168.9765625,123682.453125,118939.6328125,123344.0625,123344.0625,90904808795
2025-08-14 00:00:00+00:00,123339.3984375,124457.1171875,117254.8828125,118359.578125,118359.578125,104055627395
2025-08-15 00:00:00+00:00,118365.78125,119332.3125,116864.5703125,117398.3515625,117398.3515625,68665353159
2025-08-16 00:00:00+00:00,117398.421875,117996.0625,117271.953125,117491.3515625,117491.3515625,48036922378
2025-08-17 00:00:00+00:00,117492.7890625,118595.7734375,117279.5234375,117453.0625,117453.0625,45852169525
2025-08-18 00:00:00+00:00,117453.90625,117614.171875,114723.6796875,116252.3125,116252.3125,72787808090
2025-08-19 00:00:00+00:00,116241.859375,116764.5,112730.3984375,112831.1796875,112831.1796875,71657600353
2025-08-20 00:00:00+00:00,112828.0234375,114625.796875,112387.9609375,114274.7421875,114274.7421875,67993811526
2025-08-21 00:00:00+00:00,114275.6875,114802.6484375,111986.234375,112419.03125,112419.03125,57817883700
2025-08-22 00:00:00+00:00,112433.734375,117377.3984375,111678.9453125,116874.0859375,116874.0859375,82528088240
2025-08-23 00:00:00+00:00,116866.3671875,116996.25,114536.109375,115374.328125,115374.328125,55377142586
2025-08-24 00:00:00+00:00,115387.390625,115615.0859375,111060.546875,113458.4296875,113458.4296875,73961489632
2025-08-25 00:00:00+00:00,113456.8984375,113637.84375,109324.28125,110124.3515625,110124.3515625,85706860190
2025-08-26 00:00:00+00:00,110124.1015625,112397.015625,108762.0390625,111802.65625,111802.65625,69396320317
2025-08-27 00:00:00+00:00,111795.7109375,112619.4140625,110398.265625,111222.0625,111222.0625,62137056409
2025-08-28 00:00:00+00:00,111219.0546875,113450.078125,110900.921875,112544.8046875,112544.8046875,58860155962
2025-08-29 00:00:00+00:00,112550.5234375,112619.0546875,107559.625,108410.8359375,108410.8359375,77843379644
2025-08-30 00:00:00+00:00,108409.40625,108929.3515625,107444.4453125,108808.0703125,108808.0703125,51486264208
2025-08-31 00:00:00+00:00,108818.4609375,109491.0,108104.65625,108236.7109375,108236.7109375,47986191770
2025-09-01 00:00:00+00:00,108228.75,109890.5859375,107271.1796875,109250.59375,109250.59375,66870372995
2025-09-02 00:00:00+00:00,109243.0703125,111748.015625,108454.03125,111200.5859375,111200.5859375,74776999491
2025-09-03 00:00:00+00:00,111190.6953125,112600.2265625,110582.9609375,111723.2109375,111723.2109375,61119643565
2025-09-04 00:00:00+00:00,111718.1484375,112208.328125,109347.2265625,110723.6015625,110723.6015625,60131132901
2025-09-05 00:00:00+00:00,110723.015625,113357.4921875,110233.3984375,110650.984375,110650.984375,60241647677
2025-09-06 00:00:00+00:00,110650.5703125,111275.015625,110024.0859375,110224.6953125,110224.6953125,21500719036
2025-09-07 00:00:00+00:00,110221.328125,111591.078125,110211.625,111167.6171875,111167.6171875,24618007520
2025-09-08 00:00:00+00:00,111163.015625,112869.234375,110630.609375,112071.4296875,112071.4296875,40212813407
2025-09-09 00:00:00+00:00,112077.578125,113225.4375,110776.703125,111530.546875,111530.546875,45984480722
2025-09-10 00:00:00+00:00,111531.25,114275.25,110940.078125,113955.359375,113955.359375,56377473784
2025-09-11 00:00:00+00:00,113961.4296875,115522.546875,113453.8359375,115507.5390625,115507.5390625,45685065332
2025-09-12 00:00:00+00:00,115507.7890625,116769.3828125,114794.484375,116101.578125,116101.578125,54785725894
2025-09-13 00:00:00+00:00,116093.5625,116334.6328125,115248.2734375,115950.5078125,115950.5078125,34549454947
2025-09-14 00:00:00+00:00,115950.2890625,116181.5,115222.3984375,115407.65625,115407.65625,32798036057
2025-09-15 00:00:00+00:00,115399.6328125,116747.8828125,114461.0625,115444.875,115444.875,52937859416
2025-09-16 00:00:00+00:00,115423.7578125,117005.2734375,114813.09375,116843.1875,116843.1875,45781744593
2025-09-17 00:00:00+00:00,116840.5078125,117328.609375,114794.9765625,116468.5078125,116468.5078125,60528025996
2025-09-18 00:00:00+00:00,116461.265625,117911.7890625,116188.796875,117137.203125,117137.203125,49457272032
2025-09-19 00:00:00+00:00,117137.671875,117479.7578125,115141.8203125,115688.859375,115688.859375,38828473971
2025-09-20 00:00:00+00:00,115691.125,116191.1484375,115473.5234375,115721.9609375,115721.9609375,22864449614
2025-09-21 00:00:00+00:00,115730.2265625,115901.0859375,115252.578125,115306.09375,115306.09375,22495852193
2025-09-22 00:00:00+00:00,115309.21875,115431.3125,112037.6484375,112748.5078125,112748.5078125,70684158591
2025-09-23 00:00:00+00:00,112757.4765625,113351.9140625,111535.5703125,112014.5,112014.5,47211853279
2025-09-24 00:00:00+00:00,112007.6640625,113986.2734375,111229.640625,113328.6328125,113328.6328125,48044595085
2025-09-25 00:00:00+00:00,113330.1640625,113541.0859375,108713.3984375,109049.2890625,109049.2890625,75528654284
2025-09-26 00:00:00+00:00,109041.296875,110359.1953125,108728.9765625,109712.828125,109712.828125,57738288949
2025-09-27 00:00:00+00:00,109707.140625,109778.5,109144.296875,109681.9453125,109681.9453125,26308042910
2025-09-28 00:00:00+00:00,109681.9453125,112375.484375,109236.9453125,112122.640625,112122.640625,33371048505
2025-09-29 00:00:00+00:00,112117.875,114473.5703125,111589.953125,114400.3828125,114400.3828125,60000147466
2025-09-30 00:00:00+00:00,114396.5234375,114836.6171875,112740.5625,114056.0859375,114056.0859375,58986330258
2025-10-01 00:00:00+00:00,114057.59375,118648.9296875,113981.3984375,118648.9296875,118648.9296875,71328680132
2025-10-02 00:00:00+00:00,118652.3828125,121086.40625,118383.15625,120681.2578125,120681.2578125,71415163912
2025-10-03 00:00:00+00:00,120656.984375,123944.703125,119344.3125,122266.53125,122266.53125,83941392228
2025-10-04 00:00:00+00:00,122267.46875,122857.640625,121577.5703125,122425.4296875,122425.4296875,36769171735
2025-10-05 00:00:00+00:00,122419.671875,125559.2109375,122191.9609375,123513.4765625,123513.4765625,73689317763
2025-10-06 00:00:00+00:00,123510.453125,126198.0703125,123196.046875,124752.53125,124752.53125,72568881188
2025-10-07 00:00:00+00:00,124752.140625,125184.0234375,120681.96875,121451.3828125,121451.3828125,76149412513
2025-10-08 00:00:00+00:00,121448.3515625,124167.09375,121119.1796875,123354.8671875,123354.8671875,65354305286
2025-10-09 00:00:00+00:00,123337.0703125,123739.34375,119812.03125,121705.5859375,121705.5859375,74653009425
2025-10-10 00:00:00+00:00,121704.7421875,122509.6640625,104582.4140625,113214.3671875,113214.3671875,153125018868
2025-10-11 00:00:00+00:00,113236.4296875,113429.7265625,109760.5625,110807.8828125,110807.8828125,110236934340
2025-10-12 00:00:00+00:00,110811.515625,115805.0625,109715.5390625,115169.765625,115169.765625,93710414091
2025-10-13 00:00:00+00:00,115161.6796875,116020.484375,113821.1875,115271.078125,115271.078125,71582026739
2025-10-14 00:00:00+00:00,115264.8828125,115502.8828125,110029.484375,113118.6640625,113118.6640625,92212917403
2025-10-15 00:00:00+00:00,113113.96875,113622.3828125,110235.8359375,110783.1640625,110783.1640625,72574132855
2025-10-16 00:00:00+00:00,110782.171875,111990.8125,107537.03125,108186.0390625,108186.0390625,87306423067
2025-10-17 00:00:00+00:00,108179.1328125,109235.8046875,103598.4296875,106467.7890625,106467.7890625,99703051669
2025-10-18 00:00:00+00:00,106483.734375,107490.984375,106387.453125,107198.265625,107198.265625,37779905278
2025-10-19 00:00:00+00:00,107204.3125,109488.9921875,106157.7890625,108666.7109375,108666.7109375,47657008953
2025-10-20 00:00:00+00:00,108667.4453125,111711.03125,107485.015625,110588.9296875,110588.9296875,63507793085
2025-10-21 00:00:00+00:00,110587.6328125,113996.34375,107534.75,108476.890625,108476.890625,101194375480
2025-10-22 00:00:00+00:00,108491.53125,109115.1328125,106778.0,107688.5859375,107688.5859375,80807013218
2025-10-23 00:00:00+00:00,107679.4375,111288.59375,107548.4296875,110069.7265625,110069.7265625,54944076060
2025-10-24 00:00:00+00:00,110069.3515625,111842.53125,109770.1484375,111033.921875,111033.921875,48160816980
2025-10-25 00:00:00+00:00,111032.6171875,111947.703125,110704.40625,111641.7265625,111641.7265625,24707667305
2025-10-26 00:00:00+00:00,111639.0546875,115260.90625,111268.484375,114472.4453125,114472.4453125,41708524143
2025-10-27 00:00:00+00:00,114479.8515625,116273.3125,113882.2890625,114119.328125,114119.328125,61761358733
2025-10-28 00:00:00+00:00,114129.0859375,116078.984375,112291.6796875,112956.1640625,112956.1640625,64528066504
2025-10-29 00:00:00+00:00,112921.328125,113642.7265625,109368.71875,110055.3046875,110055.3046875,62192043469
2025-10-30 00:00:00+00:00,110059.1953125,111612.3515625,106376.6875,108305.546875,108305.546875,69673964814
2025-10-31 00:00:00+00:00,108304.4140625,111031.8203125,108288.2734375,109556.1640625,109556.1640625,60090359560
2025-11-01 00:00:00+00:00,109558.625,110574.8984375,109372.953125,110064.015625,110064.015625,25871668762
2025-11-02 00:00:00+00:00,110064.4296875,111167.3125,109523.453125,110639.625,110639.625,34284209459
2025-11-03 00:00:00+00:00,110646.90625,110764.9140625,105336.359375,106547.5234375,106547.5234375,72852006359
2025-11-04 00:00:00+00:00,106541.421875,107264.8828125,98962.0625,101590.5234375,101590.5234375,110967184773
2025-11-05 00:00:00+00:00,101579.234375,104534.703125,98989.9140625,103891.8359375,103891.8359375,77584934804
2025-11-06 00:00:00+00:00,103893.6640625,104147.3046875,100336.8671875,101301.2890625,101301.2890625,63932752861
2025-11-07 00:00:00+00:00,101286.2421875,104052.9140625,99257.0546875,103372.40625,103372.40625,92168030081
2025-11-08 00:00:00+00:00,103371.703125,103373.5625,101458.0390625,102282.1171875,102282.1171875,51446691095
2025-11-09 00:00:00+00:00,102278.984375,105418.3671875,101468.875,104719.640625,104719.640625,59679243013
2025-11-10 00:00:00+00:00,104723.7734375,106564.6953125,104350.6484375,105996.59375,105996.59375,69585887229
2025-11-11 00:00:00+00:00,105996.859375,107428.2578125,102457.328125,102997.46875,102997.46875,71130078574
2025-11-12 00:00:00+00:00,103011.4375,105297.234375,100836.6171875,101663.1875,101663.1875,64347179408
2025-11-13 00:00:00+00:00,101674.1484375,104005.4921875,97988.71875,99697.4921875,99697.4921875,101546815416
2025-11-14 00:00:00+00:00,99694.703125,99804.4296875,94000.734375,94397.7890625,94397.7890625,114346441890
2025-11-15 00:00:00+00:00,94420.46875,96728.46875,94420.46875,95549.1484375,95549.1484375,38500716654
2025-11-16 00:00:00+00:00,95556.8671875,96564.1875,92971.1640625,94177.078125,94177.078125,71086235862
2025-11-17 00:00:00+00:00,94180.875,95928.3671875,91214.7578125,92093.875,92093.875,94186165724
2025-11-18 00:00:00+00:00,92094.53125,93745.078125,89300.4609375,92948.875,92948.875,101333569062
2025-11-19 00:00:00+00:00,92946.1640625,92946.1640625,88526.828125,91465.9921875,91465.9921875,80350354656
2025-11-20 00:00:00+00:00,91459.3515625,93025.0703125,86040.796875,86631.8984375,86631.8984375,97970645638
2025-11-21 00:00:00+00:00,86528.7734375,87380.8046875,80659.8125,85090.6875,85090.6875,129157506112
2025-11-22 00:00:00+00:00,85098.5625,85503.0078125,83490.8984375,84648.359375,84648.359375,40793099246
2025-11-23 00:00:00+00:00,84648.609375,88038.46875,84641.7734375,86805.0078125,86805.0078125,58083435576
2025-11-24 00:00:00+00:00,86798.7734375,89206.3359375,85272.1953125,88270.5625,88270.5625,74433896110
2025-11-25 00:00:00+00:00,88269.9609375,88457.3359375,86131.4296875,87341.890625,87341.890625,64837343545
2025-11-26 00:00:00+00:00,87345.5859375,90581.15625,86316.8984375,90518.3671875,90518.3671875,66496301869
2025-11-27 00:00:00+00:00,90517.765625,91897.578125,90089.515625,91285.375,91285.375,57040622845
2025-11-28 00:00:00+00:00,91285.3828125,92969.0859375,90257.1171875,90919.265625,90919.265625,60895830289
2025-11-29 00:00:00+00:00,90918.7421875,91187.6171875,90260.1875,90851.7578125,90851.7578125,37921773455
2025-11-30 00:00:00+00:00,90838.2109375,91965.046875,90394.3125,90394.3125,90394.3125,38497902869
2025-12-01 00:00:00+00:00,90389.109375,90398.15625,83862.25,86321.5703125,86321.5703125,87962894424
2025-12-02 00:00:00+00:00,86322.5390625,92316.6328125,86202.1953125,91350.203125,91350.203125,78546798211
2025-12-03 00:00:00+00:00,91345.09375,94060.7734375,91056.390625,93527.8046875,93527.8046875,77650204986
2025-12-04 00:00:00+00:00,93454.2578125,94038.2421875,90976.1015625,92141.625,92141.625,64538402681
2025-12-05 00:00:00+00:00,92133.6484375,92702.640625,88152.140625,89387.7578125,89387.7578125,63256398633
2025-12-06 00:00:00+00:00,89389.359375,90267.4609375,88951.6640625,89272.375,89272.375,37994042405
2025-12-07 00:00:00+00:00,89277.8125,91740.84375,87799.5625,90405.640625,90405.640625,47394898960
2025-12-08 00:00:00+00:00,90424.5859375,92267.1171875,89644.890625,90640.203125,90640.203125,57394099056
2025-12-09 00:00:00+00:00,90639.703125,94601.5703125,89586.9765625,92691.7109375,92691.7109375,66861721440
2025-12-10 00:00:00+00:00,92695.234375,94477.15625,91640.1328125,92020.9453125,92020.9453125,65420694513
2025-12-11 00:00:00+00:00,92011.3046875,93554.265625,89335.296875,92511.3359375,92511.3359375,64532834621
2025-12-12 00:00:00+00:00,92513.6640625,92747.9296875,89532.6015625,90270.4140625,90270.4140625,80275884583
2025-12-13 00:00:00+00:00,90257.796875,90647.5703125,89800.9921875,90298.7109375,90298.7109375,64237748110
2025-12-14 00:00:00+00:00,90269.5546875,90484.2421875,88587.8046875,88687.625,88687.625,54553055232
