date,open,high,low,close,volume
2020-01-02,42.6,42.7,42.5,42.55,7278644
2020-01-03,42.65,42.85,42.55,42.8,13218013
2020-01-06,42.6,42.6,42.25,42.25,15638272
2020-01-07,42.25,42.4,42.1,42.2,9665368
2020-01-08,42.0,42.0,41.8,41.8,16128074
2020-01-09,42.0,42.05,41.85,42.0,11479072
2020-01-10,42.0,42.1,41.95,42.05,16788228
2020-01-13,42.4,42.9,42.4,42.85,24958859
2020-01-14,43.05,43.05,42.65,42.85,20215614
2020-01-15,43.0,43.0,42.7,42.9,11983617
2020-01-16,42.8,42.95,42.7,42.95,11374198
2020-01-17,43.0,43.1,42.9,43.1,14646572
2020-01-20,43.1,43.15,43.0,43.1,14093702
2020-01-30,41.95,41.95,40.55,40.6,60719128
2020-01-31,40.65,41.15,40.55,40.65,24590700
2020-02-03,40.0,40.25,39.65,40.2,27390891
2020-02-04,40.2,40.85,40.05,40.7,16293668
2020-02-05,40.8,41.0,40.5,40.95,14600793
2020-02-06,41.1,41.5,41.1,41.5,14920902
2020-02-07,41.15,41.2,40.9,41.05,13451984
2020-02-10,40.7,40.95,40.55,40.9,10902984
2020-02-11,41.35,41.8,41.35,41.65,18278678
2020-02-12,41.9,42.05,41.65,41.8,16604326
2020-02-13,41.9,41.95,41.55,41.6,9296205
2020-02-14,41.5,41.7,41.45,41.65,6511628
2020-02-17,41.5,41.5,41.3,41.4,8534426
2020-02-18,41.35,41.5,41.15,41.5,8379100
2020-02-19,41.55,41.8,41.35,41.75,9651480
2020-02-20,41.8,41.9,41.55,41.6,10083940
2020-02-21,41.4,41.5,41.3,41.3,9757302
2020-02-24,41.0,41.1,40.75,40.85,19099477
2020-02-25,40.5,40.85,40.45,40.7,12097487
2020-02-26,40.4,40.75,40.3,40.65,16561684
2020-02-27,40.7,40.75,40.0,40.05,38869901
2020-03-02,39.0,40.0,39.0,39.5,46167731
2020-03-03,39.8,40.0,39.8,39.8,22652833
2020-03-04,39.65,39.9,39.6,39.75,17659638
2020-03-05,40.1,40.2,40.0,40.15,10482185
2020-03-06,39.85,39.95,39.5,39.5,31591049
2020-03-09,39.0,39.0,38.3,38.55,49790636
2020-03-10,38.3,39.3,38.3,39.0,30264086
2020-03-11,39.0,39.15,38.55,38.6,27116731
2020-03-12,38.5,38.5,37.5,37.5,51516707
2020-03-13,35.7,37.0,35.0,37.0,56222628
2020-03-16,36.7,36.7,35.7,35.8,36139465
2020-03-17,35.0,35.4,34.8,35.0,47110829
2020-03-18,35.05,35.15,34.55,34.65,36276918
2020-03-19,34.05,34.25,33.8,34.0,51152800
2020-03-20,34.35,35.8,34.35,35.1,46218860
2020-03-23,34.15,34.7,33.95,34.15,20202138
2020-03-24,34.8,35.3,34.65,34.65,23633810
2020-03-25,35.35,35.8,35.1,35.3,24031348
2020-03-26,35.55,35.55,35.05,35.25,15037487
2020-03-27,35.8,36.05,35.6,35.8,24014782
2020-03-30,35.2,35.8,35.0,35.8,14437669
2020-03-31,36.0,36.1,35.2,35.3,22078895
2020-04-01,35.35,35.6,35.15,35.25,11102464
2020-04-06,35.85,35.9,35.0,35.05,27794930
2020-04-07,35.5,35.6,34.9,35.35,21590889
2020-04-08,35.35,35.95,35.3,35.75,19165464
2020-04-09,36.1,36.3,36.05,36.2,14218695
2020-04-10,36.6,38.0,36.6,37.8,30765179
2020-04-13,37.9,37.95,37.25,37.4,14516466
2020-04-14,37.5,38.1,37.4,38.0,20900183
2020-04-15,38.25,38.35,38.05,38.3,17651239
2020-04-16,37.8,37.85,37.6,37.8,18844965
2020-04-17,38.1,38.75,38.1,38.2,22486374
2020-04-20,38.2,38.3,37.95,38.0,14203510
2020-04-21,37.9,37.95,36.9,37.0,20046565
2020-04-22,36.7,37.2,36.55,37.2,13152910
2020-04-23,37.05,37.6,37.0,37.25,10311126
2020-04-24,37.3,37.35,37.0,37.05,6609832
2020-04-27,37.5,38.0,37.35,38.0,14557482
2020-04-28,38.2,38.2,37.9,38.0,11350825
2020-04-29,38.15,38.9,38.15,38.45,21978870
2020-04-30,39.25,39.9,39.2,39.9,42317052
2020-05-04,39.0,39.15,38.5,38.8,30259299
2020-05-05,39.0,39.2,38.8,38.9,11253899
2020-05-06,38.9,39.05,38.5,38.8,13235900
2020-05-07,38.8,39.25,38.8,38.85,11748984
2020-05-08,39.25,39.5,39.05,39.25,11447894
2020-05-11,39.5,39.9,39.5,39.6,14051677
2020-05-12,39.4,39.7,39.3,39.6,12594120
2020-05-13,39.4,39.55,39.35,39.55,9596661
2020-05-14,39.35,39.5,39.1,39.15,10877325
2020-05-15,39.35,39.5,38.85,39.05,11104791
2020-05-18,39.0,39.15,38.9,39.0,8126279
2020-05-19,39.65,39.65,39.3,39.45,14529508
2020-05-20,39.6,39.8,39.5,39.65,13574646
2020-05-21,39.65,39.95,39.6,39.95,12838986
2020-05-22,39.8,39.85,39.2,39.25,14139844
2020-05-25,39.3,39.5,38.85,39.15,7601824
2020-05-26,39.25,40.1,39.15,39.9,26640104
2020-05-27,40.1,40.3,40.0,40.15,12223147
2020-05-28,40.3,40.3,39.45,39.5,19969835
2020-05-29,39.3,40.05,39.2,40.05,31856948
2020-06-01,40.2,40.45,40.1,40.25,18374393
2020-06-02,40.25,40.45,40.25,40.35,23533305
2020-06-03,40.7,41.4,40.6,41.4,40552473
2020-06-04,41.55,41.7,41.35,41.55,28123409
2020-06-05,41.55,41.75,41.25,41.6,16779526
2020-06-08,41.75,42.0,41.65,41.9,23156097
2020-06-09,41.95,42.1,41.8,42.0,19566964
2020-06-10,42.0,42.5,41.9,42.35,19836836
2020-06-11,42.35,42.55,41.0,41.0,38334793
2020-06-12,40.35,40.8,40.25,40.7,21956831
2020-06-15,40.8,41.7,40.7,40.9,22083939
2020-06-16,41.4,42.0,41.35,41.9,23294089
2020-06-17,42.0,42.25,41.75,42.2,23150952
2020-06-18,42.25,42.3,41.75,42.15,19442390
2020-06-19,42.2,42.2,41.95,42.1,20629825
2020-06-22,42.1,42.15,41.95,42.1,13901563
2020-06-23,42.35,42.4,42.0,42.3,19544653
2020-06-24,42.35,42.4,42.2,42.2,16643644
2020-06-29,41.95,42.0,41.8,41.9,21349808
2020-06-30,42.0,42.1,41.85,41.85,41696078
2020-07-01,40.1,40.5,40.0,40.35,23127719
2020-07-02,40.4,40.5,40.3,40.3,11970005
2020-07-03,40.6,40.75,40.4,40.75,12642918
2020-07-06,40.75,41.3,40.75,41.25,21223068
2020-07-07,41.35,41.4,40.9,40.95,18321838
2020-07-08,40.9,41.1,40.75,40.95,13173684
2020-07-09,40.9,41.25,40.6,40.6,16594936
2020-07-10,40.7,40.7,40.25,40.25,12511297
2020-07-13,40.8,40.95,40.5,40.95,13731172
2020-07-14,40.6,40.85,40.6,40.7,10702996
2020-07-15,40.95,40.95,40.6,40.65,13422821
2020-07-16,40.75,40.85,40.55,40.55,12857760
2020-07-17,40.85,40.9,40.5,40.5,10933596
2020-07-20,40.5,40.7,40.35,40.4,9322408
2020-07-21,40.65,40.8,40.4,40.4,20419476
2020-07-22,40.45,40.75,40.45,40.65,12689352
2020-07-23,40.6,40.6,40.3,40.35,11304404
2020-07-24,40.2,40.35,40.1,40.1,13453021
2020-07-27,40.05,40.4,39.75,39.75,17805344
2020-07-28,39.6,40.0,39.6,39.65,19905789
2020-07-29,39.9,40.4,39.8,40.1,15583394
2020-07-30,40.45,40.45,39.8,40.1,17496543
2020-07-31,39.95,39.95,39.6,39.6,23331592
2020-08-03,39.6,39.65,39.2,39.25,22080484
2020-08-04,39.35,39.8,39.3,39.8,8703393
2020-08-05,39.85,39.95,39.6,39.85,9249278
2020-08-06,39.95,40.3,39.9,40.2,11907804
2020-08-07,40.2,40.2,39.85,39.85,10247502
2020-08-10,39.85,40.5,39.85,40.45,14248291
2020-08-11,40.0,40.15,39.9,39.95,18766412
2020-08-12,39.95,40.45,39.95,40.45,19316728
2020-08-13,40.5,40.7,40.4,40.7,15652407
2020-08-14,40.45,40.5,40.1,40.3,7782293
2020-08-17,40.35,40.8,40.2,40.7,11414110
2020-08-18,40.6,40.6,40.4,40.6,7268544
2020-08-19,40.75,41.0,40.55,40.55,18160932
2020-08-20,40.45,40.5,39.6,39.8,23997672
2020-08-21,39.9,40.05,39.75,39.85,10106668
2020-08-24,39.9,40.0,39.8,39.9,6437891
2020-08-25,39.9,40.55,39.85,40.5,15519774
2020-08-26,40.25,40.55,40.1,40.55,13350739
2020-08-27,40.55,40.55,40.0,40.0,11141671
2020-08-28,40.0,40.15,39.9,39.95,14023456
2020-08-31,40.05,40.2,39.75,39.85,20661160
2020-09-01,39.9,39.95,39.65,39.85,17984102
2020-09-02,39.95,39.95,39.5,39.55,17177109
2020-09-03,39.7,40.0,39.6,39.85,14504491
2020-09-04,39.5,39.65,39.3,39.45,15495770
2020-09-07,39.45,39.65,39.35,39.35,11318990
2020-09-08,39.4,39.6,39.35,39.55,9241492
2020-09-09,39.35,39.5,39.1,39.45,12814934
2020-09-10,39.55,39.8,39.35,39.75,11172822
2020-09-11,39.8,40.0,39.65,39.9,12904673
2020-09-14,39.9,40.1,39.75,40.1,11675886
2020-09-15,40.05,40.1,39.9,40.1,10974435
2020-09-16,40.1,40.2,39.95,40.2,13987776
2020-09-17,40.0,40.1,39.65,39.65,18240987
2020-09-18,39.7,39.8,39.5,39.5,19888694
2020-09-21,39.45,39.5,39.1,39.1,21107805
2020-09-22,39.1,39.15,38.8,39.0,14943820
2020-09-23,39.0,39.0,38.7,39.0,16774019
2020-09-24,38.8,38.8,38.0,38.0,26794853
2020-09-25,38.05,38.35,38.0,38.1,12900119
2020-09-28,38.2,38.55,38.2,38.55,8827394
2020-09-29,38.65,38.8,38.6,38.7,10949480
2020-09-30,38.85,38.9,38.6,38.6,9070874
2020-10-05,38.7,38.8,38.4,38.45,8935109
2020-10-06,38.6,38.8,38.5,38.65,7932694
2020-10-07,38.6,38.75,38.6,38.6,7605459
2020-10-08,38.6,38.65,38.4,38.45,13472473
2020-10-12,38.6,38.7,38.3,38.6,11367217
2020-10-13,38.65,38.7,38.35,38.45,10367013
2020-10-14,38.45,38.9,38.45,38.6,15818078
2020-10-15,38.45,38.6,38.2,38.2,15332209
2020-10-16,38.25,38.35,38.15,38.15,10972262
2020-10-19,38.25,38.55,38.25,38.4,7433457
2020-10-20,38.4,38.45,38.2,38.45,8832790
2020-10-21,38.45,38.55,38.3,38.4,9068727
2020-10-22,38.35,38.6,38.3,38.5,17598249
2020-10-23,38.5,38.6,38.4,38.6,8323406
2020-10-26,38.6,39.0,38.6,38.95,10873867
2020-10-27,38.7,38.8,38.55,38.6,9209097
2020-10-28,38.6,38.7,38.4,38.6,10303156
2020-10-29,38.25,38.3,38.15,38.15,15436379
2020-10-30,38.15,38.55,38.15,38.4,18130477
2020-11-02,38.4,38.65,38.3,38.65,8454721
2020-11-03,38.75,38.95,38.75,38.9,10482329
2020-11-04,38.55,39.15,38.55,39.15,16815803
2020-11-05,39.2,39.25,38.9,39.2,9357512
2020-11-06,39.2,39.3,39.0,39.3,8107374
2020-11-09,39.5,39.7,39.35,39.6,15544022
2020-11-10,39.8,40.4,39.8,40.4,48704377
2020-11-11,40.6,41.25,40.55,41.25,48143104
2020-11-12,41.15,41.15,40.2,40.55,26710586
2020-11-13,40.5,40.6,40.4,40.55,11727454
2020-11-16,40.95,41.0,40.7,40.95,17820445
2020-11-17,41.3,41.5,41.05,41.5,41461513
2020-11-18,41.8,41.85,41.55,41.8,32171772
2020-11-19,41.8,41.8,41.4,41.5,17811586
2020-11-20,41.5,41.5,41.0,41.3,20391909
2020-11-23,41.45,41.8,41.4,41.7,16994711
2020-11-24,41.75,41.8,41.5,41.5,11002363
2020-11-25,41.75,41.8,41.45,41.45,15449102
2020-11-26,41.55,41.7,41.3,41.5,13835357
2020-11-27,41.4,41.6,41.25,41.35,14066243
2020-11-30,41.45,41.5,40.4,40.4,54804801
2020-12-01,40.6,40.75,40.35,40.7,17427379
2020-12-02,40.5,40.65,40.45,40.5,23943477
2020-12-03,40.45,40.6,40.3,40.3,25160988
2020-12-04,40.25,40.75,40.2,40.75,28365964
2020-12-07,40.85,40.95,40.5,40.95,26327926
2020-12-08,40.55,40.95,40.35,40.95,21706886
2020-12-09,40.85,41.0,40.6,41.0,19971248
2020-12-10,41.0,41.45,40.8,41.45,31762795
2020-12-11,41.7,42.15,41.6,41.95,48361156
2020-12-14,42.0,42.1,41.65,41.8,24736173
2020-12-15,41.7,41.8,40.9,41.1,21519665
2020-12-16,41.25,41.55,41.2,41.55,15535763
2020-12-17,41.5,41.55,41.15,41.35,12265452
2020-12-18,41.35,41.5,41.05,41.2,16340597
2020-12-21,41.35,41.55,41.05,41.55,12544477
2020-12-22,41.45,41.45,41.05,41.05,10285843
2020-12-23,40.95,41.1,40.85,40.95,8022743
2020-12-24,41.05,41.25,40.95,41.0,8760297
2020-12-25,41.2,41.2,41.0,41.15,5613417
2020-12-28,41.2,41.35,41.1,41.3,7950487
2020-12-29,41.4,41.5,41.3,41.35,9799386
2020-12-30,41.4,42.25,41.4,42.2,44167665
2020-12-31,42.45,42.6,42.15,42.25,26813984
2021-01-04,42.2,42.25,41.65,42.05,18799048
2021-01-05,41.85,42.2,41.8,42.1,16688555
2021-01-06,42.0,42.2,41.5,41.55,24468024
2021-01-07,41.9,42.05,41.6,41.9,28188564
2021-01-08,42.05,43.0,41.8,42.85,50760852
2021-01-11,42.8,43.3,42.15,42.6,39899072
2021-01-12,42.65,42.95,42.05,42.3,33145524
2021-01-13,42.3,42.5,42.2,42.4,25663778
2021-01-14,42.45,42.5,42.2,42.5,19135544
2021-01-15,42.55,42.55,41.8,41.8,29865044
2021-01-18,41.7,41.7,41.15,41.2,24765657
2021-01-19,41.25,41.5,41.25,41.35,13141992
2021-01-20,41.2,41.2,40.65,40.65,40111350
2021-01-21,40.75,40.95,40.65,40.65,18670335
2021-01-22,40.8,40.85,40.55,40.55,22400759
2021-01-25,40.6,41.1,40.55,41.0,19132991
2021-01-26,41.05,41.1,40.5,40.5,29753199
2021-01-27,40.65,40.8,40.5,40.5,21294196
2021-01-28,40.2,40.4,40.0,40.1,35357261
2021-01-29,40.15,40.25,39.9,39.9,33534212
2021-02-01,39.9,40.15,39.9,39.9,18019434
2021-02-02,40.0,40.5,40.0,40.3,26272744
2021-02-03,40.35,40.45,40.1,40.3,19747768
2021-02-04,40.3,40.75,40.25,40.7,14637595
2021-02-05,40.75,41.0,40.4,40.6,16243915
2021-02-17,41.3,42.25,41.2,41.95,53033119
2021-02-18,41.95,42.5,41.9,42.2,33070308
2021-02-19,42.15,42.15,41.6,41.85,23553191
2021-02-22,41.9,42.35,41.85,42.05,21980341
2021-02-23,42.1,42.8,42.05,42.7,39862344
2021-02-24,42.85,43.1,42.5,42.65,39884773
2021-02-25,43.05,43.7,42.8,43.6,65022752
2021-02-26,43.0,43.45,41.95,41.95,76715547
2021-03-02,42.55,42.75,41.9,41.9,31878404
2021-03-03,42.15,42.8,42.1,42.55,34014213
2021-03-04,42.55,42.65,42.0,42.35,25415828
2021-03-05,41.9,42.6,41.85,42.55,16617994
2021-03-08,42.75,43.4,42.65,42.9,37788537
2021-03-09,43.2,44.35,43.2,44.3,85485167
2021-03-10,44.35,44.75,44.15,44.55,56789711
2021-03-11,45.3,47.1,45.3,45.75,132532772
2021-03-12,46.05,46.1,45.45,45.9,48956881
2021-03-15,46.1,47.0,46.1,46.7,65678980
2021-03-16,46.7,46.75,46.2,46.45,30495656
2021-03-17,46.3,46.4,45.5,45.8,39861219
2021-03-18,46.25,46.3,45.4,45.45,30693355
2021-03-19,45.45,45.5,44.5,44.6,67877476
2021-03-22,44.7,45.6,44.65,45.6,30250510
2021-03-23,46.5,47.0,46.4,46.8,72312847
2021-03-24,46.75,46.95,46.15,46.5,38359498
2021-03-25,46.8,47.1,46.5,46.85,28497061
2021-03-26,47.1,47.9,47.05,47.6,49753892
2021-03-29,47.95,48.3,47.65,48.0,38634084
2021-03-30,48.1,48.15,47.5,48.0,31855509
2021-03-31,48.0,48.5,47.7,47.95,30638192
2021-04-01,48.3,48.45,47.8,47.95,21824797
2021-04-06,48.25,48.35,47.85,48.0,22036806
2021-04-07,48.0,48.15,47.55,48.0,17894742
2021-04-08,47.8,47.85,47.5,47.65,17216293
2021-04-09,47.6,47.8,47.1,47.25,23913015
2021-04-12,48.35,49.2,48.3,48.8,52956544
2021-04-13,49.6,49.8,48.9,49.0,36122797
2021-04-14,49.05,49.2,48.1,48.55,25919254
2021-04-15,48.95,49.8,48.85,49.8,44763258
2021-04-16,49.65,49.85,49.15,49.85,27757204
2021-04-19,49.95,51.9,49.95,51.6,73092063
2021-04-20,51.7,52.3,50.6,51.4,51614572
2021-04-21,50.7,51.1,50.3,50.9,40608905
2021-04-22,51.2,51.8,50.3,50.7,46158951
2021-04-23,50.8,51.0,50.3,50.9,20249476
2021-04-26,51.0,52.4,51.0,52.1,43173157
2021-04-27,52.1,53.0,51.9,52.9,44541375
2021-04-28,53.4,53.9,52.4,53.0,40420179
2021-04-29,53.0,53.1,52.1,52.3,32227588
2021-05-03,53.0,54.1,52.6,52.6,72269966
2021-05-04,53.1,53.5,50.5,51.7,59032701
2021-05-05,52.1,54.8,51.7,53.6,116232641
2021-05-06,54.5,56.0,53.7,54.4,74932129
2021-05-07,55.0,55.4,54.6,55.1,44351458
2021-05-10,55.6,58.7,55.5,58.2,104052638
2021-05-11,58.2,59.5,55.1,56.6,142884229
2021-05-12,56.6,56.6,51.0,52.3,140026387
2021-05-13,50.3,52.5,50.0,51.1,84599042
2021-05-14,52.2,52.9,50.8,51.5,50274936
2021-05-17,49.1,50.2,48.15,48.65,76059928
2021-05-18,50.3,53.5,50.3,53.5,90882687
2021-05-19,54.0,54.9,53.0,54.3,78932148
2021-05-20,54.8,54.8,53.2,53.3,45362721
2021-05-21,54.8,56.0,53.2,54.2,83602109
2021-05-24,53.7,54.0,53.2,53.9,36669608
2021-05-25,54.1,54.9,53.8,54.3,37077601
2021-05-26,54.6,54.8,53.8,54.4,21525383
2021-05-27,53.6,54.4,53.0,54.4,76325673
2021-05-28,54.7,55.7,54.1,55.5,53531291
2021-05-31,55.5,56.4,55.3,55.9,32880064
2021-06-01,56.0,56.4,55.5,55.8,16266892
2021-06-02,55.8,56.3,55.6,56.3,26324535
2021-06-03,56.7,56.8,55.7,55.8,20051611
2021-06-04,55.2,55.6,54.8,55.0,26136137
2021-06-07,55.1,55.2,53.2,54.7,24681530
2021-06-08,55.1,55.4,54.6,54.8,18198849
2021-06-09,54.7,54.8,53.8,54.3,27460179
2021-06-10,54.6,54.8,54.0,54.7,20049746
2021-06-11,54.7,55.5,54.4,54.5,26770059
2021-06-15,54.6,54.7,54.2,54.3,18636566
2021-06-16,54.1,54.6,53.7,54.3,28459572
2021-06-17,53.6,54.2,53.5,54.0,18137843
2021-06-18,53.8,54.0,53.4,53.6,31636318
2021-06-21,52.9,52.9,51.5,52.0,60737704
2021-06-22,52.5,53.0,52.3,52.6,22767020
2021-06-23,52.7,54.2,52.6,54.1,37496029
2021-06-24,53.8,54.1,53.5,53.8,18604408
2021-06-25,54.3,54.6,54.0,54.3,22728338
2021-06-28,54.5,54.5,54.1,54.3,13806297
2021-06-29,54.2,54.2,53.3,53.7,27124845
2021-06-30,53.7,54.2,53.6,53.9,19773876
2021-07-01,53.8,54.4,53.7,53.9,16255689
2021-07-02,53.9,54.3,53.8,53.9,13291034
2021-07-05,54.3,54.4,54.1,54.2,15417686
2021-07-06,54.4,54.4,54.1,54.1,16195579
2021-07-07,53.9,54.0,53.6,54.0,17361883
2021-07-08,54.1,54.9,54.1,54.4,30765656
2021-07-09,54.2,54.3,53.6,53.8,34898807
2021-07-12,55.3,57.6,55.3,55.7,86411156
2021-07-13,56.5,57.0,56.0,56.1,56176921
2021-07-14,56.6,57.5,56.4,57.0,52106953
2021-07-15,57.2,58.7,57.1,58.1,55396975
2021-07-16,58.2,59.9,57.7,59.8,68725330
2021-07-19,60.4,61.0,59.1,59.7,59101441
2021-07-20,58.5,59.1,57.6,57.9,77564654
2021-07-21,58.5,58.8,57.7,58.3,48914018
2021-07-22,58.8,60.5,58.6,60.1,83848156
2021-07-23,60.5,60.6,59.5,60.3,68367196
2021-07-26,58.3,58.7,56.1,56.2,83691025
2021-07-27,56.2,56.2,55.0,55.0,41796057
2021-07-28,54.4,54.5,53.1,53.8,70710721
2021-07-29,54.4,54.8,53.6,54.8,34000570
2021-07-30,54.5,54.7,54.0,54.3,24435333
2021-08-02,54.5,55.8,54.1,55.8,32339862
2021-08-03,55.2,55.5,54.9,55.4,16218040
2021-08-04,55.5,55.9,55.1,55.2,18460106
2021-08-05,55.5,55.7,55.1,55.2,14125192
2021-08-06,55.5,55.5,54.8,55.1,19744070
2021-08-09,55.2,55.4,54.3,55.2,28753950
2021-08-10,55.3,55.6,54.9,54.9,19121159
2021-08-11,55.6,56.6,55.4,56.0,51432143
2021-08-12,56.5,56.6,55.7,56.0,26297404
2021-08-13,55.8,55.9,54.9,55.0,29234138
2021-08-16,54.8,55.3,53.5,54.3,41107888
2021-08-17,54.3,54.9,54.2,54.7,25303072
2021-08-18,54.1,54.4,53.9,54.4,31085775
2021-08-19,54.5,54.7,53.7,53.8,35254164
2021-08-20,54.1,54.3,53.2,53.7,26864345
2021-08-23,54.4,55.4,54.3,55.1,38517106
2021-08-24,55.4,55.8,55.0,55.8,26959048
2021-08-25,55.8,56.0,55.4,56.0,17343400
2021-08-26,56.2,56.3,55.5,56.0,26266326
2021-08-27,56.2,57.9,56.0,57.7,54867528
2021-08-30,58.2,59.5,58.1,59.5,73199672
2021-08-31,59.3,59.9,58.8,59.6,48348805
2021-09-01,59.7,59.9,59.1,59.2,26926731
2021-09-02,59.3,59.3,58.0,58.7,35489691
2021-09-03,59.2,60.0,58.9,59.6,35016881
2021-09-06,59.5,59.8,58.8,59.2,22655092
2021-09-07,59.4,59.5,58.9,59.2,17258133
2021-09-08,59.2,59.3,57.9,58.5,32324552
2021-09-09,58.3,58.7,57.8,58.7,15246559
2021-09-10,58.8,59.4,58.4,59.2,17642110
2021-09-13,59.2,60.5,59.1,59.9,46011124
2021-09-14,60.3,60.6,59.6,59.8,29770053
2021-09-15,59.4,59.9,59.1,59.5,18072445
2021-09-16,59.7,60.3,59.4,59.7,20375954
2021-09-17,59.9,60.0,58.9,58.9,32525660
2021-09-22,57.2,57.3,55.9,56.8,70918454
2021-09-23,57.3,57.6,57.1,57.5,18930420
2021-09-24,58.0,58.3,57.6,57.8,14990984
2021-09-27,58.0,58.9,57.8,58.7,27938970
2021-09-28,58.7,59.2,58.1,59.0,27932935
2021-09-29,58.0,58.4,57.2,58.0,34081578
2021-09-30,58.0,58.0,57.5,57.9,16879546
2021-10-01,57.4,57.4,56.6,56.9,27075894
2021-10-04,57.1,57.3,56.3,56.6,18916784
2021-10-05,56.1,56.5,55.4,56.4,31451158
2021-10-06,57.0,57.5,56.2,57.1,30892773
2021-10-07,57.4,57.7,57.1,57.1,22193710
2021-10-08,57.5,57.5,56.9,57.1,12313467
2021-10-12,56.3,56.5,55.7,56.4,31696603
2021-10-13,56.7,57.1,55.8,56.2,22150104
2021-10-14,56.5,56.9,56.1,56.6,18355193
2021-10-15,57.2,58.5,57.1,58.3,45639270
2021-10-18,58.5,59.2,58.4,58.7,31650790
2021-10-19,59.0,59.2,58.3,58.4,22802184
2021-10-20,58.8,59.0,58.1,58.3,19402616
2021-10-21,58.3,59.1,58.2,58.7,21296946
2021-10-22,58.7,58.7,58.1,58.3,9995009
2021-10-25,58.2,58.7,57.9,58.4,8631701
2021-10-26,58.8,59.2,58.4,59.1,21268934
2021-10-27,59.0,59.0,58.3,58.7,10533810
2021-10-28,58.4,58.5,57.9,58.1,12728231
2021-10-29,57.9,58.3,57.5,58.1,18174853
2021-11-01,58.1,58.5,57.6,57.6,14023450
2021-11-02,57.8,58.1,57.4,57.4,13301001
2021-11-03,57.5,57.8,57.3,57.6,10219417
2021-11-04,58.0,58.4,57.8,57.9,15719987
2021-11-05,57.9,58.5,57.6,58.5,12766482
2021-11-08,58.3,58.7,58.2,58.7,12925443
2021-11-09,58.7,58.7,58.3,58.5,12543540
2021-11-10,58.5,58.7,58.4,58.6,8200259
2021-11-11,58.7,58.7,58.2,58.6,15342712
2021-11-12,58.7,59.1,58.5,58.9,20973799
2021-11-15,59.2,60.3,59.2,59.7,30607549
2021-11-16,59.9,60.0,59.5,60.0,18780286
2021-11-17,60.3,62.2,60.2,62.2,76913753
2021-11-18,62.1,63.5,61.7,63.0,61650948
2021-11-19,63.0,63.0,61.6,61.8,35357523
2021-11-22,61.5,61.6,60.9,61.1,26725185
2021-11-23,60.8,61.5,60.7,60.8,18248961
2021-11-24,61.1,61.8,61.0,61.1,14792634
2021-11-25,61.8,61.8,61.0,61.6,20058980
2021-11-26,61.1,61.3,60.0,60.2,45247610
2021-11-29,59.5,59.9,59.0,59.3,28559820
2021-11-30,59.5,60.0,59.1,60.0,46144943
2021-12-01,59.5,60.0,59.1,59.9,22545939
2021-12-02,59.4,59.6,59.2,59.5,20086724
2021-12-03,59.9,60.4,59.8,59.9,14778899
2021-12-06,59.8,60.0,59.4,60.0,15253688
2021-12-07,60.1,60.7,59.6,60.7,20153727
2021-12-08,61.0,61.2,60.6,60.7,19547300
2021-12-09,60.7,61.1,60.4,60.7,13682890
2021-12-10,60.8,60.8,60.3,60.5,13677547
2021-12-13,61.0,61.5,60.7,60.7,18742959
2021-12-14,60.6,60.6,60.1,60.2,16115272
2021-12-15,59.9,60.2,59.8,59.8,16017010
2021-12-16,60.1,60.4,60.0,60.3,12840393
2021-12-17,60.3,60.7,60.2,60.5,15747498
2021-12-20,60.1,60.5,59.9,59.9,16361467
2021-12-21,59.9,60.5,59.9,60.3,12754761
2021-12-22,60.3,60.5,60.1,60.3,8993977
2021-12-23,60.3,60.6,60.2,60.5,11338401
2021-12-24,60.6,61.4,60.5,61.1,21548806
2021-12-27,61.4,61.5,61.1,61.3,12190043
2021-12-28,61.7,62.4,61.5,62.3,33848176
2021-12-29,62.8,63.3,62.5,63.0,49051060
2021-12-30,63.0,63.0,62.5,62.5,15904707
2022-01-03,62.8,62.9,61.6,61.6,18337829
2022-01-04,61.6,62.0,61.5,62.0,15594316
2022-01-05,61.6,62.0,61.3,61.9,15353088
2022-01-06,61.9,62.3,61.4,62.0,16290258
2022-01-07,62.0,62.5,61.8,62.0,20786629
2022-01-10,62.0,62.3,61.7,62.1,12133800
2022-01-11,62.5,64.9,62.1,64.5,98029871
2022-01-12,64.4,65.0,63.8,64.7,49410447
2022-01-13,64.7,67.8,64.5,67.4,101478268
2022-01-14,67.0,68.4,66.5,67.7,78064274
2022-01-17,67.3,68.0,66.5,66.5,37990521
2022-01-18,66.6,67.2,66.2,66.9,32541808
2022-01-19,66.4,66.5,65.6,66.1,39311537
2022-01-20,65.6,66.1,65.0,65.8,34505107
2022-01-21,65.2,65.3,64.2,64.4,43180251
2022-01-24,64.0,64.6,63.4,64.3,31284378
2022-01-25,63.6,63.7,62.4,63.0,59105302
2022-01-26,63.0,63.7,62.8,63.3,22242796
2022-02-07,63.8,65.8,63.8,65.7,46345940
2022-02-08,65.5,66.5,65.1,66.0,32178792
2022-02-09,66.4,66.4,65.6,66.0,20488760
2022-02-10,65.9,65.9,65.1,65.8,19192094
2022-02-11,65.4,65.7,65.2,65.6,13423086
2022-02-14,64.5,64.5,63.6,64.2,34773916
2022-02-15,64.6,64.9,64.2,64.3,20361629
2022-02-16,64.8,64.8,64.2,64.8,19651434
2022-02-17,64.7,65.0,64.3,64.7,22349109
2022-02-18,64.1,64.6,64.1,64.6,17951412
2022-02-21,64.3,64.7,64.0,64.6,14322671
2022-02-22,64.0,64.2,63.2,63.7,27224056
2022-02-23,63.5,64.0,63.4,63.7,15428674
2022-02-24,63.2,63.5,62.5,63.0,39918582
2022-02-25,62.7,63.0,61.6,62.3,57731651
2022-03-01,61.7,62.7,61.5,62.6,25902917
2022-03-02,62.1,62.2,61.8,62.0,18856628
2022-03-03,62.3,62.5,62.0,62.1,13494434
2022-03-04,61.8,61.8,61.2,61.2,22375501
2022-03-07,60.4,60.5,58.8,59.4,52085088
2022-03-08,58.2,58.8,58.0,58.5,51970716
2022-03-09,59.0,59.4,58.6,59.0,18361063
2022-03-10,59.5,60.5,59.5,60.3,22169794
2022-03-11,60.2,60.6,59.9,60.3,12249752
2022-03-14,60.7,61.5,60.6,61.2,14539303
2022-03-15,61.3,61.5,60.9,61.3,16334901
2022-03-16,61.7,62.0,61.4,62.0,22127986
2022-03-17,62.5,63.2,62.4,63.1,35516192
2022-03-18,63.4,63.8,63.1,63.3,28333290
2022-03-21,63.3,63.8,63.2,63.6,16831198
2022-03-22,63.6,63.6,63.1,63.6,11624036
2022-03-23,64.1,65.0,64.0,64.8,28231947
2022-03-24,64.3,64.4,63.6,64.3,17577999
2022-03-25,63.8,64.0,63.5,63.5,11197434
2022-03-28,62.8,63.7,62.6,63.3,9825309
2022-03-29,63.5,63.9,63.3,63.8,8987469
2022-03-30,64.1,64.5,64.0,64.4,81539261
2022-03-31,64.5,64.7,64.2,64.5,15100025
2022-04-01,64.0,65.0,63.8,65.0,16332402
2022-04-06,65.1,65.5,64.5,65.5,24653539
2022-04-07,65.3,65.7,64.5,64.8,26644279
2022-04-08,65.0,65.1,64.5,65.0,13904404
2022-04-11,65.3,65.7,64.1,64.8,15030684
2022-04-12,64.8,65.0,64.3,64.9,13691057
2022-04-13,65.3,65.5,65.0,65.4,16481852
2022-04-14,65.4,65.5,64.7,64.7,10803178
2022-04-15,64.4,64.5,63.8,64.0,12805902
2022-04-18,63.7,63.8,62.5,62.8,13739061
2022-04-19,63.2,63.9,62.7,62.7,13759764
2022-04-20,63.2,63.9,62.8,63.9,17460595
2022-04-21,63.7,63.9,63.1,63.9,15635775
2022-04-22,63.2,64.2,63.1,64.2,18905312
2022-04-25,63.5,63.8,62.9,63.8,21769353
2022-04-26,63.4,64.0,63.4,64.0,13993477
2022-04-27,63.0,63.2,62.0,62.0,21399844
2022-04-28,62.0,62.5,61.3,62.1,23956496
2022-04-29,62.3,62.7,62.3,62.5,10356772
2022-05-03,62.5,62.5,61.8,62.3,8121607
2022-05-04,62.4,63.1,62.4,62.9,8839044
2022-05-05,63.2,63.3,62.2,62.3,30419813
2022-05-06,61.1,61.6,60.8,61.2,26166472
2022-05-09,60.3,60.4,58.5,58.7,36773934
2022-05-10,57.6,58.3,57.3,58.0,42390344
2022-05-11,57.6,57.7,56.0,56.2,38485023
2022-05-12,55.3,55.8,54.1,54.1,47234544
2022-05-13,54.7,55.1,53.6,54.3,40406362
2022-05-16,54.6,54.6,52.7,53.2,29001742
2022-05-17,53.4,53.5,52.5,52.6,32272144
2022-05-18,52.6,54.6,52.5,54.1,36578838
2022-05-19,53.0,53.2,52.6,52.7,25151385
2022-05-20,53.4,53.5,52.8,52.9,16616260
2022-05-23,53.4,53.4,52.0,52.3,21637125
2022-05-24,52.6,53.0,52.0,52.0,27915216
2022-05-25,52.0,52.1,50.7,51.4,43304061
2022-05-26,51.7,52.5,51.3,51.5,34287334
2022-05-27,52.0,53.0,51.9,52.6,30244269
2022-05-30,53.2,54.2,53.1,54.0,33648819
2022-05-31,54.2,55.7,53.5,55.7,43460209
2022-06-01,54.9,55.2,54.3,54.7,27258002
2022-06-02,54.3,54.7,53.8,54.5,18013804
2022-06-06,54.3,55.0,54.0,54.8,13805651
2022-06-07,54.7,55.2,54.3,54.8,16983026
2022-06-08,55.2,55.2,54.7,54.8,14730607
2022-06-09,54.6,55.0,54.4,54.8,15241646
2022-06-10,54.4,54.9,54.1,54.8,11053601
2022-06-13,53.6,54.0,53.1,53.8,22350617
2022-06-14,53.6,53.9,53.2,53.4,17186182
2022-06-15,53.4,54.0,53.3,53.6,16502122
2022-06-16,54.2,54.6,53.6,53.7,17485097
2022-06-17,52.8,53.5,52.7,53.0,29931786
2022-06-20,53.0,54.0,51.4,51.8,28996858
2022-06-21,52.7,54.8,52.4,54.2,38502889
2022-06-22,54.0,54.5,53.0,53.0,20355584
2022-06-23,53.0,53.4,52.4,53.0,23604636
2022-06-24,53.9,53.9,53.2,53.4,14341096
2022-06-27,53.8,54.2,53.5,53.5,14992400
2022-06-28,53.4,53.9,53.3,53.8,16819918
2022-06-29,52.5,53.1,52.4,52.8,32579622
2022-06-30,52.6,52.7,50.9,50.9,38729931
2022-07-01,51.0,51.2,49.7,49.7,54081274
2022-07-04,45.5,46.2,45.0,45.5,75808829
2022-07-05,46.65,47.4,45.85,46.75,33413255
2022-07-06,46.75,46.75,44.8,44.95,33304407
2022-07-07,45.15,45.45,44.2,45.05,40009811
2022-07-08,45.4,45.8,44.55,44.8,25971498
2022-07-11,45.05,45.25,44.8,45.05,11637835
2022-07-12,44.6,44.7,43.8,43.8,21404159
2022-07-13,45.05,45.8,45.05,45.5,21785524
2022-07-14,45.1,45.5,44.8,45.0,16108353
2022-07-15,44.7,44.7,44.1,44.15,23433552
2022-07-18,44.5,45.35,44.4,45.2,21050108
2022-07-19,44.85,45.1,44.7,44.95,15606169
2022-07-20,45.6,45.95,44.85,44.9,21445837
2022-07-21,44.8,45.1,44.2,45.05,23519344
2022-07-22,45.7,45.7,44.7,45.0,27328484
2022-07-25,44.9,45.6,44.75,45.55,13368904
2022-07-26,45.5,45.8,45.2,45.6,11435877
2022-07-27,45.6,45.6,45.0,45.25,13315924
2022-07-28,45.55,45.8,45.4,45.8,15318787
2022-07-29,46.0,46.1,45.5,45.5,17581426
2022-08-01,45.5,45.55,45.2,45.45,16105660
2022-08-02,44.9,45.3,44.55,44.85,34618855
2022-08-03,44.7,44.95,44.5,44.95,12168256
2022-08-04,44.95,45.05,44.65,44.85,12557089
2022-08-05,45.4,45.8,45.3,45.75,20223360
2022-08-08,45.4,46.25,45.25,46.15,15657726
2022-08-09,46.2,46.45,45.9,46.1,13918378
2022-08-10,45.9,46.4,45.75,46.4,14739395
2022-08-11,46.5,47.3,46.5,47.2,22701234
2022-08-12,47.2,47.4,47.0,47.25,11499536
2022-08-15,47.5,47.55,47.15,47.3,10242133
2022-08-16,47.35,47.4,47.1,47.1,12321302
2022-08-17,47.15,47.45,47.05,47.45,18349084
2022-08-18,47.3,47.35,47.05,47.25,10887315
2022-08-19,47.1,47.5,47.1,47.5,10091828
2022-08-22,47.1,47.2,46.85,46.85,14848414
2022-08-23,46.55,46.6,46.3,46.35,13588823
2022-08-24,46.45,46.7,46.2,46.35,11091220
2022-08-25,46.35,46.85,46.35,46.55,11406200
2022-08-26,46.85,47.0,46.65,46.75,10512600
2022-08-29,45.4,45.75,45.2,45.6,24548064
2022-08-30,45.1,45.25,44.35,44.45,60891216
2022-08-31,44.25,44.8,44.1,44.55,25589315
2022-09-01,44.1,44.65,44.0,44.55,28340215
2022-09-02,44.35,44.4,44.05,44.05,25940795
2022-09-05,44.05,44.35,43.9,44.05,18819262
2022-09-06,44.2,44.6,44.1,44.25,14669693
2022-09-07,44.0,44.0,43.1,43.15,39081162
2022-09-08,43.35,43.45,43.05,43.15,27268507
2022-09-12,43.85,44.1,43.6,44.05,30799019
2022-09-13,44.1,44.2,43.65,43.65,32277515
2022-09-14,42.65,43.0,42.55,42.85,39001825
2022-09-15,42.9,43.45,42.65,43.1,23798782
2022-09-16,42.7,43.05,42.6,42.8,29383628
2022-09-19,42.95,43.0,42.65,42.75,14722754
2022-09-20,43.05,43.25,42.95,43.05,12949947
2022-09-21,43.05,43.05,42.5,42.55,16398660
2022-09-22,42.05,42.05,41.3,41.65,38703849
2022-09-23,41.55,42.2,41.55,42.1,15179853
2022-09-26,41.8,42.1,41.15,41.5,25995041
2022-09-27,41.6,41.8,40.95,40.95,24781038
2022-09-28,41.1,41.15,39.8,39.8,44126817
2022-09-29,40.2,40.3,39.75,40.15,32934928
2022-09-30,39.5,39.95,39.2,39.95,39710129
2022-10-03,39.4,39.45,39.0,39.0,26806861
2022-10-04,39.45,39.65,38.9,39.55,29191845
2022-10-05,40.25,41.35,40.2,40.75,37319116
2022-10-06,41.2,41.2,40.55,40.8,15653114
2022-10-07,40.75,40.9,40.35,40.5,18248293
2022-10-11,39.7,39.95,39.35,39.6,58570988
2022-10-12,39.6,39.9,39.1,39.55,22257007
2022-10-13,39.15,39.35,37.4,37.45,79987118
2022-10-14,38.15,38.5,37.65,37.65,37687710
2022-10-17,37.5,38.0,36.85,37.65,32929430
2022-10-18,37.95,38.3,37.5,38.15,26375458
2022-10-19,38.15,38.5,37.95,38.3,25732909
2022-10-20,37.4,38.1,37.1,37.85,31535251
2022-10-21,37.3,37.3,36.25,36.55,52217362
2022-10-24,37.0,37.4,36.85,37.0,22657459
2022-10-25,37.3,37.65,37.0,37.5,23025372
2022-10-26,37.9,38.75,37.65,38.5,30897488
2022-10-27,38.7,39.1,38.5,38.5,26311821
2022-10-28,38.55,38.6,38.0,38.25,25642258
2022-10-31,38.45,38.5,37.8,37.8,20693016
2022-11-01,37.8,38.15,37.6,38.1,14063537
2022-11-02,37.8,38.5,37.7,38.5,16770583
2022-11-03,38.0,38.85,37.95,38.85,19755599
2022-11-04,38.55,38.95,38.4,38.95,14524024
2022-11-07,39.25,39.55,39.05,39.55,16157126
2022-11-08,39.75,39.9,39.4,39.7,17752785
2022-11-09,39.8,40.15,39.55,40.15,22078082
2022-11-10,39.95,40.0,39.55,39.65,20702930
2022-11-11,40.8,42.0,40.7,41.9,59745642
2022-11-14,42.0,42.1,41.6,41.75,40426021
2022-11-15,41.75,42.45,41.55,42.4,27600630
2022-11-16,42.3,42.4,41.6,41.7,23746918
2022-11-17,41.7,41.7,41.1,41.55,15584860
2022-11-18,41.5,42.25,41.4,41.9,14146780
2022-11-21,41.9,42.2,41.55,42.1,18971408
2022-11-22,41.85,42.2,41.3,42.2,23297047
2022-11-23,42.35,42.8,42.1,42.75,21220819
2022-11-24,42.9,42.95,42.55,42.55,21398739
2022-11-25,42.55,43.0,42.45,42.55,23692538
2022-11-28,42.2,42.45,41.7,42.0,24315526
2022-11-29,41.75,43.45,41.35,43.45,49106844
2022-11-30,43.4,43.95,43.1,43.55,67335069
2022-12-01,44.05,44.5,43.75,44.15,49865769
2022-12-02,43.9,44.3,43.75,44.0,33156714
2022-12-05,43.25,43.25,42.75,42.85,49252970
2022-12-06,42.6,42.65,41.4,41.4,39675523
2022-12-07,41.4,42.1,41.25,41.4,32120950
2022-12-08,41.2,41.45,40.7,40.75,29765268
2022-12-09,41.1,41.4,40.8,41.1,26745816
2022-12-12,40.9,41.15,40.15,41.0,33949558
2022-12-13,41.0,41.35,40.8,40.95,21769329
2022-12-14,40.95,41.2,40.8,40.9,18207326
2022-12-15,40.8,40.8,40.35,40.6,20002544
2022-12-16,40.1,40.5,40.05,40.2,35454139
2022-12-19,40.1,40.6,40.05,40.15,22037150
2022-12-20,40.1,40.25,39.9,40.15,32549548
2022-12-21,39.95,40.15,39.85,40.0,18449393
2022-12-22,40.05,40.4,39.95,40.4,19181690
2022-12-23,40.35,41.5,40.3,41.15,33981856
2022-12-26,41.15,41.2,40.9,41.0,9586592
2022-12-27,41.0,41.3,41.0,41.15,8308875
2022-12-28,40.85,41.1,40.6,40.65,16443155
2022-12-29,40.5,40.6,40.05,40.1,17280672
2022-12-30,39.75,40.25,39.6,40.0,102514909
2023-01-03,40.0,40.1,39.75,39.95,39554220
2023-01-04,39.95,40.1,39.95,39.95,22272766
2023-01-05,40.1,40.35,40.0,40.25,36853762
2023-01-06,40.2,40.8,40.15,40.75,23615484
2023-01-09,41.15,42.0,41.15,42.0,53179748
2023-01-10,41.95,41.95,41.4,41.7,21435050
2023-01-11,41.6,41.7,41.4,41.4,16048346
2023-01-12,41.7,41.9,41.6,41.7,17927376
2023-01-13,41.85,42.3,41.75,41.8,25246308
2023-01-16,42.0,42.1,41.7,41.75,24240014
2023-01-17,41.8,42.1,41.6,42.0,30131381
2023-01-30,42.95,43.15,42.2,42.7,47216810
2023-01-31,42.7,42.8,42.45,42.55,34054874
2023-02-01,42.8,43.0,42.65,43.0,30294161
2023-02-02,43.45,44.3,43.4,44.05,46455741
2023-02-03,44.2,44.2,43.25,43.3,26131633
2023-02-06,43.15,43.2,42.6,42.65,23945724
2023-02-07,42.9,43.2,42.7,42.8,14924425
2023-02-08,42.9,43.0,42.7,42.85,12667108
2023-02-09,42.55,42.8,42.5,42.6,11215474
2023-02-10,42.5,42.8,42.35,42.65,13913641
2023-02-13,42.55,42.95,42.25,42.9,11654400
2023-02-14,43.2,43.75,42.95,43.6,21608876
2023-02-15,43.55,43.7,42.8,42.95,23924878
2023-02-16,43.1,43.25,42.85,43.05,13275864
2023-02-17,43.4,44.05,43.35,44.0,33063140
2023-02-20,44.0,44.5,44.0,44.45,30019929
2023-02-21,44.25,44.25,43.55,43.85,19076559
2023-02-22,43.45,43.5,43.15,43.35,18259098
2023-02-23,43.25,43.55,43.2,43.3,18234647
2023-02-24,43.3,43.6,43.2,43.45,22159119
2023-03-01,43.35,43.55,42.6,42.75,34074730
2023-03-02,43.2,43.2,42.6,43.0,11596903
2023-03-03,43.0,43.2,42.9,42.9,10372259
2023-03-06,43.3,43.75,43.2,43.6,18350391
2023-03-07,43.7,43.85,43.5,43.75,13733996
2023-03-08,43.4,43.75,43.3,43.75,14093070
2023-03-09,43.7,43.75,43.55,43.65,17599268
2023-03-10,43.15,43.15,42.6,42.7,39620072
2023-03-13,42.3,42.4,42.0,42.3,24572149
2023-03-14,41.85,41.85,41.5,41.55,32983873
2023-03-15,41.7,42.0,41.5,41.5,20843337
2023-03-16,40.95,41.0,40.5,40.5,38507934
2023-03-17,40.75,41.2,40.75,41.0,31492495
2023-03-20,40.8,40.8,40.0,40.2,38104365
2023-03-21,40.5,41.15,40.4,40.75,19966155
2023-03-22,41.05,41.45,41.0,41.35,29224719
2023-03-23,41.2,41.55,40.9,41.55,20348699
2023-03-24,41.6,41.6,41.2,41.3,16487475
2023-03-27,41.25,41.5,41.05,41.35,13698291
2023-03-28,41.55,41.8,41.5,41.55,9485788
2023-03-29,41.55,41.85,41.4,41.85,11941771
2023-03-30,41.85,41.9,41.5,41.6,13483264
2023-03-31,41.75,41.95,41.6,41.8,19102367
2023-04-06,42.0,42.0,41.5,42.0,16419030
2023-04-07,42.1,42.4,42.0,42.25,17366544
2023-04-10,42.4,42.65,42.4,42.55,10819162
2023-04-11,42.6,42.65,42.35,42.65,13885428
2023-04-12,42.75,42.95,42.7,42.95,13043577
2023-04-13,42.85,42.85,42.5,42.6,16526680
2023-04-14,42.65,43.2,42.55,43.15,17415813
2023-04-17,43.2,43.2,43.0,43.2,9907175
2023-04-18,43.15,43.3,42.75,43.1,10598683
2023-04-19,43.1,43.2,42.65,42.75,11569177
2023-04-20,42.65,42.95,42.55,42.95,10012819
2023-04-21,43.0,43.0,42.35,42.7,12406713
2023-04-24,42.7,42.7,42.4,42.65,6194869
2023-04-25,42.7,43.0,42.5,42.6,13162078
2023-04-26,42.6,42.75,42.0,42.35,15996466
2023-04-27,42.15,42.45,42.0,42.25,12836271
2023-04-28,42.05,42.75,42.0,42.45,20010965
2023-05-02,42.45,42.5,41.9,42.5,16532518
2023-05-03,42.4,42.45,42.1,42.4,10666601
2023-05-04,42.35,42.5,42.1,42.5,9535381
2023-05-05,42.5,42.65,42.35,42.65,7165753
2023-05-08,42.8,43.05,42.65,43.05,15295810
2023-05-09,43.1,43.5,43.0,43.5,18494084
2023-05-10,43.5,43.5,42.8,43.05,14666571
2023-05-11,43.35,43.7,43.25,43.7,28157576
2023-05-12,43.55,43.55,42.65,42.65,29601386
2023-05-15,42.7,43.45,42.4,43.35,18642848
2023-05-16,43.5,43.75,43.25,43.6,18888476
2023-05-17,43.6,44.0,43.4,43.95,25712701
2023-05-18,44.0,44.45,43.95,44.4,29759827
2023-05-19,44.6,45.2,44.55,45.15,41994095
2023-05-22,45.15,45.5,45.1,45.15,17922195
2023-05-23,45.15,45.4,44.7,44.8,20125010
2023-05-24,44.35,44.85,44.35,44.8,17586428
2023-05-25,44.45,44.7,44.0,44.05,20496919
2023-05-26,43.9,44.25,43.75,43.9,20794987
2023-05-29,44.4,45.5,44.4,44.75,37338653
2023-05-30,45.0,45.1,44.45,44.5,23359695
2023-05-31,44.55,44.95,44.3,44.3,88146361
2023-06-01,44.5,44.7,43.8,44.0,21060013
2023-06-02,44.15,44.45,44.05,44.45,17140513
2023-06-05,44.6,45.7,44.55,45.25,33114433
2023-06-06,45.25,45.45,45.05,45.25,13815589
2023-06-07,45.4,45.5,45.0,45.4,23392105
2023-06-08,45.45,45.45,44.2,44.6,34342346
2023-06-09,44.85,44.85,44.4,44.6,21841319
2023-06-12,44.7,44.85,44.0,44.05,22092908
2023-06-13,44.2,44.4,43.95,44.1,23737443
2023-06-14,44.15,44.8,44.15,44.6,17618683
2023-06-15,44.6,44.65,44.2,44.35,12255520
2023-06-16,44.3,44.35,43.9,43.9,24858540
2023-06-19,44.0,44.1,43.65,43.9,16844352
2023-06-20,44.0,44.35,43.9,44.35,10322216
2023-06-21,44.25,44.5,44.1,44.4,11655399
2023-06-26,44.25,44.3,44.0,44.05,17296717
2023-06-27,44.05,44.3,43.9,44.15,17015472
2023-06-28,43.5,43.75,43.4,43.65,15222318
2023-06-29,43.75,43.8,43.4,43.4,15905458
2023-06-30,43.4,43.6,43.15,43.15,16005959
2023-07-03,43.2,43.4,43.15,43.3,8225427
2023-07-04,43.3,43.35,43.05,43.05,11661933
2023-07-05,43.1,43.45,43.1,43.2,9804039
2023-07-06,43.2,43.2,42.3,42.5,27320179
2023-07-07,42.25,42.35,42.05,42.25,16833888
2023-07-10,42.25,43.0,42.25,42.65,14198477
2023-07-11,43.2,43.8,43.2,43.6,23478719
2023-07-12,43.3,44.0,43.3,44.0,20315714
2023-07-13,44.2,44.35,43.6,43.6,16845389
2023-07-14,43.85,44.1,43.7,44.1,12093741
2023-07-17,44.15,45.0,44.05,45.0,30039992
2023-07-18,45.0,45.35,44.75,45.05,26899975
2023-07-19,45.2,45.25,44.25,44.5,18910491
2023-07-20,44.7,44.95,44.55,44.75,12824256
2023-07-21,44.6,44.75,44.35,44.4,14100968
2023-07-24,44.4,44.4,44.0,44.2,11050420
2023-07-25,44.3,44.6,44.2,44.55,11253362
2023-07-26,44.75,45.5,44.7,45.35,32416509
2023-07-27,45.55,46.0,45.5,46.0,35599006
2023-07-28,45.8,45.85,45.5,45.75,12743462
2023-07-31,46.0,46.4,45.65,45.75,29739092
2023-08-01,46.15,47.25,46.0,47.25,40495482
2023-08-02,46.9,46.95,45.9,46.2,37163556
2023-08-04,46.7,46.75,46.2,46.3,22846397
2023-08-07,46.3,46.7,46.25,46.45,13567360
2023-08-08,46.7,47.2,46.6,47.05,25222272
2023-08-09,46.95,46.95,46.4,46.45,16761668
2023-08-10,46.5,46.85,46.4,46.6,13603487
2023-08-11,47.0,47.1,46.35,46.45,16345476
2023-08-14,46.15,46.15,44.9,45.4,22773930
2023-08-15,45.4,45.6,45.3,45.4,11723382
2023-08-16,45.05,45.35,44.65,45.1,17716609
2023-08-17,44.75,45.55,44.5,45.3,15422670
2023-08-18,45.05,45.45,44.8,45.2,13116357
2023-08-21,45.25,45.45,45.15,45.4,7952578
2023-08-22,45.45,45.5,44.8,45.0,10487488
2023-08-23,44.85,45.0,44.5,44.7,14544261
2023-08-24,44.7,44.85,44.2,44.65,19448663
2023-08-25,44.4,44.7,44.2,44.5,9234195
2023-08-28,44.5,45.4,44.5,45.4,13253627
2023-08-29,45.6,46.05,45.45,46.05,13757242
2023-08-30,46.1,46.15,45.75,46.1,11006049
2023-08-31,46.05,46.05,45.6,45.6,26328152
2023-09-01,45.85,46.8,45.75,46.6,19310294
2023-09-04,46.6,46.7,46.25,46.65,7378965
2023-09-05,46.65,46.8,46.3,46.45,7911802
2023-09-06,46.5,46.55,45.75,45.8,15291923
2023-09-07,45.7,45.8,45.45,45.7,7137043
2023-09-08,45.6,46.3,45.6,46.3,8284898
2023-09-11,46.3,46.55,46.0,46.55,9392022
2023-09-12,46.55,46.65,46.1,46.65,12339573
2023-09-13,46.5,46.75,46.5,46.75,7972600
2023-09-14,46.85,47.0,46.6,46.9,13423245
2023-09-15,46.9,46.9,46.6,46.65,18533783
2023-09-18,46.6,46.6,46.3,46.4,9978403
2023-09-19,46.45,46.6,46.3,46.35,12194676
2023-09-20,46.3,46.35,45.65,45.7,19313673
2023-09-21,45.5,45.55,44.7,44.9,26136256
2023-09-22,44.85,45.0,44.55,44.7,14934980
2023-09-25,44.75,45.0,44.6,44.85,12662976
2023-09-26,44.7,44.85,44.4,44.45,13781253
2023-09-27,44.3,44.7,44.2,44.6,13017554
2023-09-28,44.6,44.95,44.55,44.55,12239161
2023-10-02,44.65,44.75,44.45,44.5,9861924
2023-10-03,44.2,44.3,44.0,44.0,16768544
2023-10-04,43.85,43.95,43.5,43.55,24705132
2023-10-05,43.55,44.15,43.4,44.05,13399011
2023-10-06,44.25,44.6,44.15,44.55,8512918
2023-10-11,45.05,45.95,44.95,45.95,33272017
2023-10-12,45.95,46.15,45.5,46.15,18037437
2023-10-13,45.85,45.85,45.3,45.3,16127657
2023-10-16,45.05,45.5,45.0,45.5,7462931
2023-10-17,45.55,45.6,45.15,45.25,8374805
2023-10-18,45.5,45.6,45.2,45.6,22669935
2023-10-19,45.2,45.35,44.85,45.1,13198531
2023-10-20,44.6,44.95,43.75,44.7,27341168
2023-10-23,44.45,44.8,44.0,44.1,15112308
2023-10-24,44.1,44.35,43.85,44.15,9611137
2023-10-25,44.2,44.35,44.1,44.15,6377441
2023-10-26,43.75,44.2,43.55,43.85,11483505
2023-10-27,43.95,44.4,43.9,44.2,5950103
2023-10-30,44.2,44.4,43.75,43.95,13512424
2023-10-31,44.25,44.25,43.85,43.9,9197492
2023-11-01,44.2,44.5,44.0,44.3,9371161
2023-11-02,44.7,44.95,44.55,44.85,14466512
2023-11-03,45.0,45.35,44.8,45.35,11230733
2023-11-06,45.65,45.7,45.25,45.35,11916054
2023-11-07,45.2,45.25,44.95,45.2,15997126
2023-11-08,45.4,45.4,45.0,45.05,5470521
2023-11-09,45.15,45.2,44.95,45.15,5313103
2023-11-10,44.8,45.1,44.8,44.95,5201717
2023-11-13,45.45,45.8,45.2,45.25,13882473
2023-11-14,45.55,45.75,45.35,45.45,17538964
2023-11-15,45.9,46.0,45.45,45.75,23089892
2023-11-16,45.8,45.85,45.5,45.65,18179106
2023-11-17,45.55,45.95,45.55,45.8,17409277
2023-11-20,46.0,46.0,45.45,45.7,10634921
2023-11-21,45.75,46.45,45.75,46.15,27444955
2023-11-22,46.1,46.3,46.05,46.3,10447606
2023-11-23,46.4,46.5,46.15,46.3,12805401
2023-11-24,46.4,46.5,46.1,46.3,7229481
2023-11-27,46.1,46.65,45.65,45.75,16164440
2023-11-28,45.7,46.05,45.55,46.0,18136527
2023-11-29,45.85,46.1,45.75,45.75,12034349
2023-11-30,45.85,46.5,45.75,46.5,33639723
2023-12-01,46.25,46.25,45.9,46.05,13881163
2023-12-04,46.35,46.4,46.0,46.25,12910776
2023-12-05,45.9,45.95,45.4,45.55,22302325
2023-12-06,45.55,45.8,45.4,45.45,14826413
2023-12-07,45.3,45.4,44.8,45.0,22694721
2023-12-08,45.0,45.2,44.8,44.85,20523156
2023-12-11,44.85,44.95,44.75,44.85,13899772
2023-12-12,44.75,44.85,44.6,44.75,17098056
2023-12-13,44.75,44.9,44.6,44.7,16545774
2023-12-14,45.35,45.95,45.15,45.9,37884348
2023-12-15,46.05,46.1,45.6,45.85,29966044
2023-12-18,45.6,45.65,45.25,45.5,10783488
2023-12-19,45.35,45.4,44.85,44.9,19312604
2023-12-20,45.05,45.1,44.8,44.85,17026272
2023-12-21,44.6,44.8,44.6,44.7,11173222
2023-12-22,44.7,44.85,44.6,44.65,12841128
2023-12-25,44.8,45.1,44.7,44.85,9432798
2023-12-26,45.0,45.3,44.95,45.2,9349563
2023-12-27,45.25,45.5,45.15,45.45,12618129
2023-12-28,45.45,45.8,45.35,45.8,15877374
2023-12-29,45.75,45.8,45.5,45.75,14784912
2024-01-02,45.6,45.6,45.25,45.5,8675803
2024-01-03,45.05,45.25,44.8,44.95,16907245
2024-01-04,44.85,44.95,44.7,44.7,13653296
2024-01-05,44.7,44.95,44.7,44.85,9515465
2024-01-08,44.9,45.5,44.85,45.1,14815614
2024-01-09,45.1,45.25,44.75,44.75,12289579
2024-01-10,45.0,45.1,44.7,44.7,7533412
2024-01-11,44.6,44.75,44.4,44.6,14935732
2024-01-12,44.5,44.65,44.5,44.5,12101836
2024-01-15,44.65,44.9,44.45,44.45,17742769
2024-01-16,44.3,44.35,43.7,44.0,29568999
2024-01-17,43.8,43.9,43.3,43.3,37617913
2024-01-18,43.25,43.55,43.1,43.3,16977248
2024-01-19,43.15,43.8,43.15,43.8,18678092
2024-01-22,43.9,44.0,43.85,43.85,9264774
2024-01-23,44.2,44.2,43.85,44.2,10859847
2024-01-24,44.15,44.4,44.0,44.2,12467532
2024-01-25,44.2,44.35,44.15,44.35,11834546
2024-01-26,44.3,44.55,44.25,44.5,12873549
2024-01-29,44.3,44.5,44.25,44.4,10282934
2024-01-30,44.4,44.4,43.9,43.9,16120732
2024-01-31,43.9,44.15,43.8,44.15,15919111
2024-02-01,44.4,44.5,44.2,44.45,11353252
2024-02-02,44.4,44.45,44.05,44.1,10102556
2024-02-05,43.9,44.05,43.7,43.9,17411745
2024-02-15,44.0,44.5,43.95,44.05,19265805
2024-02-16,44.3,44.55,44.2,44.55,10327892
2024-02-19,44.6,45.05,44.55,45.0,21702989
2024-02-20,45.0,45.1,44.8,45.1,13555978
2024-02-21,45.05,45.05,44.7,44.75,14966205
2024-02-22,44.75,44.9,44.7,44.9,14789132
2024-02-23,44.8,44.85,44.45,44.45,19067448
2024-02-26,44.35,44.5,44.3,44.3,17129417
2024-02-27,44.3,44.75,44.2,44.3,17680518
2024-02-29,44.3,45.05,44.25,45.05,28256854
2024-03-01,45.05,45.05,44.65,44.65,12258287
2024-03-04,44.65,44.85,44.6,44.65,16622053
2024-03-05,44.65,44.95,44.65,44.65,12804696
2024-03-06,44.65,44.95,44.55,44.55,17817385
2024-03-07,44.6,45.0,44.55,44.85,19312889
2024-03-08,44.8,45.3,44.75,45.3,41438610
2024-03-11,45.9,46.5,45.7,46.05,55378787
2024-03-12,46.1,46.5,46.0,46.5,39965441
2024-03-13,46.55,46.85,46.45,46.8,36491277
2024-03-14,46.9,48.4,46.9,48.3,80357923
2024-03-15,48.5,48.5,47.3,47.65,67436774
2024-03-18,47.7,48.15,47.25,47.55,25936059
2024-03-19,47.35,48.0,47.15,47.75,20733353
2024-03-20,47.75,47.95,47.45,47.5,19753472
2024-03-21,47.7,48.65,47.7,48.55,44855254
2024-03-22,48.9,49.3,48.2,48.55,36455937
2024-03-25,48.6,48.6,47.8,48.1,23309147
2024-03-26,47.9,48.45,47.85,48.35,15741364
2024-03-27,48.1,48.35,48.05,48.2,10683838
2024-03-28,48.4,48.45,48.0,48.25,14576559
2024-03-29,48.25,48.7,48.15,48.65,16899061
2024-04-01,48.9,49.2,48.7,48.95,19216587
2024-04-02,48.75,49.05,48.7,48.95,10672949
2024-04-03,48.75,48.75,48.05,48.05,20746811
2024-04-08,48.0,48.5,47.75,48.35,14907830
2024-04-09,48.55,49.45,48.45,49.45,38778189
2024-04-10,49.5,49.5,48.75,48.75,29017495
2024-04-11,49.7,50.5,49.4,49.7,44219208
2024-04-12,49.65,49.65,48.95,49.05,28633375
2024-04-15,48.75,49.3,48.4,48.95,24249907
2024-04-16,48.55,48.8,47.55,47.85,34577764
2024-04-17,47.8,48.15,47.6,47.9,17432133
2024-04-18,47.9,48.65,47.5,48.45,20429565
2024-04-19,47.8,48.2,47.05,47.45,31191916
2024-04-22,47.9,48.6,47.75,48.4,22267213
2024-04-23,48.55,48.95,48.5,48.75,16134609
2024-04-24,49.05,49.5,49.0,49.25,24133672
2024-04-25,48.7,48.8,48.35,48.55,19479919
2024-04-26,48.6,49.2,48.6,48.9,13709809
2024-04-29,49.3,50.9,49.25,50.8,55744908
2024-04-30,50.8,51.2,50.5,50.5,36086847
2024-05-02,50.2,50.7,50.0,50.3,23605178
2024-05-03,50.4,50.7,50.1,50.2,14985818
2024-05-06,50.6,51.3,50.5,50.9,29589866
2024-05-07,51.5,51.5,50.6,50.9,18001522
2024-05-08,50.9,51.1,50.7,50.9,14781951
2024-05-09,51.2,52.4,51.0,51.7,38314087
2024-05-10,53.0,55.5,53.0,55.5,111619090
2024-05-13,56.3,56.4,54.7,55.1,56416310
2024-05-14,55.2,55.7,54.2,54.3,34476395
2024-05-15,55.0,57.0,54.7,56.6,78383886
2024-05-16,57.0,57.4,56.3,56.4,59956387
2024-05-17,56.4,56.8,56.1,56.4,31268925
2024-05-20,56.8,56.9,55.7,56.0,22464335
2024-05-21,55.8,55.9,54.6,55.4,35694793
2024-05-22,55.5,56.0,55.3,56.0,18618711
2024-05-23,55.2,55.4,54.6,54.8,30093057
2024-05-24,54.4,55.3,54.4,54.9,15772557
2024-05-27,55.7,56.0,55.2,55.6,21848780
2024-05-28,55.6,57.3,55.6,56.8,43059526
2024-05-29,56.8,56.8,55.4,55.6,37818650
2024-05-30,55.5,56.7,55.4,55.6,32908216
2024-05-31,56.0,56.7,55.6,56.2,47563484
2024-06-03,56.6,56.8,56.1,56.7,18544350
2024-06-04,56.3,56.5,55.8,56.4,17581467
2024-06-05,56.5,57.0,56.1,56.5,15925587
2024-06-06,56.6,57.6,56.6,57.5,44205563
2024-06-07,57.5,58.4,57.5,58.2,28187928
2024-06-11,58.8,59.7,58.3,58.7,50727729
2024-06-12,58.1,58.4,57.6,57.9,30848732
2024-06-13,58.4,58.8,57.8,58.1,33013918
2024-06-14,58.6,58.6,57.5,58.2,22714376
2024-06-17,58.2,58.2,57.4,57.5,19827038
2024-06-18,58.0,58.9,58.0,58.9,28883921
2024-06-19,59.1,59.3,58.2,59.0,35962849
2024-06-20,59.0,60.2,58.8,60.1,43516742
2024-06-21,60.1,60.4,59.7,60.1,44740995
2024-06-24,60.3,60.5,59.6,60.3,26544279
2024-06-25,60.8,61.2,60.1,60.5,30726941
2024-06-26,60.3,60.5,59.0,59.5,39079713
2024-06-27,58.9,59.1,58.3,59.1,47347458
2024-06-28,59.1,59.6,58.6,59.0,49458003
2024-07-01,57.9,58.1,56.7,58.1,68688064
2024-07-02,57.8,58.5,57.4,58.2,25212352
2024-07-03,58.7,61.6,58.6,61.5,86599623
2024-07-04,61.8,62.2,60.4,60.7,54669389
2024-07-05,61.3,61.5,60.5,61.3,38281598
2024-07-08,61.5,62.4,61.0,62.3,41516180
2024-07-09,62.5,63.2,61.0,62.1,45189869
2024-07-10,62.6,63.7,62.4,63.6,46535131
2024-07-11,64.4,66.1,63.8,65.5,75471430
2024-07-12,65.2,66.1,64.6,65.7,38386727
2024-07-15,66.0,66.0,64.1,65.0,34079783
2024-07-16,65.7,65.8,64.6,65.4,33499531
2024-07-17,65.7,66.2,64.8,65.3,39252903
2024-07-18,64.7,65.6,63.1,64.2,49159369
2024-07-19,64.7,64.7,61.7,62.6,52923548
2024-07-22,62.1,62.2,59.5,60.0,48052149
2024-07-23,61.1,61.5,60.7,61.5,21808278
2024-07-26,59.7,61.7,59.5,61.5,37553858
2024-07-29,62.4,63.2,61.8,62.7,30583559
2024-07-30,62.5,62.5,60.7,61.7,21852926
2024-07-31,60.8,62.8,60.8,62.4,18718477
2024-08-01,62.9,63.1,62.4,62.8,24185979
2024-08-02,61.5,61.7,60.6,61.3,28779043
2024-08-05,59.0,59.2,55.3,55.6,68481504
2024-08-06,57.0,57.7,54.0,56.1,48063416
2024-08-07,56.1,58.7,56.1,58.6,41329382
2024-08-08,57.5,58.8,57.2,57.8,22209483
2024-08-09,61.3,61.5,60.1,60.5,48841703
2024-08-12,61.2,61.6,60.4,61.0,28288755
2024-08-13,61.1,61.5,60.6,61.3,20338641
2024-08-14,61.8,62.5,61.4,61.9,28061020
2024-08-15,62.6,62.8,61.5,61.6,19662595
2024-08-16,62.6,63.3,62.1,63.0,41015973
2024-08-19,63.2,63.2,62.2,62.3,19136700
2024-08-20,62.5,62.5,61.1,61.7,24008958
2024-08-21,61.4,62.2,61.3,61.9,17882476
2024-08-22,61.7,61.8,61.0,61.4,15142956
2024-08-23,60.7,61.7,60.5,61.5,10746054
2024-08-26,62.3,64.2,62.2,63.9,46267636
2024-08-27,63.5,63.7,62.8,63.1,24250289
2024-08-28,63.4,63.5,62.6,63.5,13341197
2024-08-29,63.1,63.4,62.7,63.1,14180331
2024-08-30,63.4,63.7,63.0,63.5,30201474
2024-09-02,63.8,65.2,63.7,64.7,31916994
2024-09-03,64.8,64.8,63.5,63.7,16497485
2024-09-04,61.0,62.2,60.6,61.6,36678349
2024-09-05,62.0,63.6,61.7,62.4,31284906
2024-09-06,62.2,63.7,61.8,63.5,24960690
2024-09-09,62.0,62.6,61.3,62.5,30046060
2024-09-10,62.5,63.4,62.0,62.6,18809590
2024-09-11,62.3,62.9,62.3,62.5,18824720
2024-09-12,63.2,63.3,62.5,62.9,20046125
2024-09-13,63.1,63.7,62.5,63.2,15509463
2024-09-16,63.3,63.4,62.7,63.1,9282691
2024-09-18,63.0,63.4,62.8,63.2,13028934
2024-09-19,63.4,64.8,63.3,64.8,34592090
2024-09-20,65.0,65.4,64.5,64.7,40639674
2024-09-23,64.9,65.4,64.5,65.4,21701952
2024-09-24,65.5,66.5,65.3,66.3,43614305
2024-09-25,67.0,67.1,66.4,67.1,32687745
2024-09-26,67.6,68.6,67.4,68.3,45671365
2024-09-27,69.0,69.0,66.9,67.5,38019887
2024-09-30,67.4,67.7,66.5,66.5,30098333
2024-10-01,66.9,67.1,66.2,66.7,18103416
2024-10-04,66.0,66.9,65.8,66.0,25697379
2024-10-07,66.6,68.0,66.5,68.0,30130959
2024-10-08,67.5,68.2,67.0,67.7,26653495
2024-10-09,68.3,68.5,67.6,67.8,17399929
2024-10-11,68.6,68.6,67.6,68.0,21771274
2024-10-14,68.0,68.1,67.1,67.7,11550257
2024-10-15,67.8,68.8,67.5,68.8,29461171
2024-10-16,68.0,68.6,67.4,67.8,23890063
2024-10-17,67.9,68.7,67.9,68.6,15838073
2024-10-18,68.8,69.9,68.5,69.8,42902080
2024-10-21,69.8,69.8,68.0,68.3,41993562
2024-10-22,68.2,69.3,67.8,69.3,26718551
2024-10-23,69.0,69.4,68.7,69.2,17525085
2024-10-24,68.8,69.0,68.2,68.2,16248315
2024-10-25,68.5,69.0,68.1,69.0,12682246
2024-10-28,68.9,69.8,68.5,69.3,23577614
2024-10-29,69.2,69.2,68.0,68.5,23409004
2024-10-30,68.8,69.0,68.5,68.9,17327551
2024-11-01,68.1,68.8,67.4,68.6,26071006
2024-11-04,68.6,69.6,68.5,69.6,27897055
2024-11-05,69.1,69.8,68.6,69.8,13772440
2024-11-06,69.6,69.7,69.0,69.1,12124161
2024-11-07,69.0,70.4,69.0,69.8,25159175
2024-11-08,70.0,70.2,69.4,69.5,15220490
2024-11-11,69.7,69.8,68.1,68.7,21040577
2024-11-12,67.8,68.2,67.2,67.5,40848712
2024-11-13,67.1,67.5,66.2,66.8,37532795
2024-11-14,66.5,67.1,66.1,66.2,26753611
2024-11-15,67.0,68.3,66.6,66.9,29136418
2024-11-18,67.3,67.5,66.6,67.0,19756553
2024-11-19,67.3,67.7,66.5,67.7,34439114
2024-11-20,67.5,67.7,66.9,67.4,25128583
2024-11-21,66.9,67.0,66.2,66.6,29283021
2024-11-22,67.0,67.3,66.5,66.8,20596865
2024-11-25,67.4,68.0,67.1,67.3,46068650
2024-11-26,67.1,67.5,66.3,67.4,15036331
2024-11-27,67.1,67.3,66.5,66.5,12472306
2024-11-28,66.8,66.8,66.1,66.3,12457291
2024-11-29,65.8,66.1,65.0,65.7,23283661
2024-12-02,66.1,67.7,66.0,67.6,20410692
2024-12-03,67.9,68.9,67.8,68.9,30110719
2024-12-04,69.0,69.0,68.4,69.0,15956182
2024-12-05,69.2,69.3,68.8,69.2,12823836
2024-12-06,69.1,69.2,68.4,68.7,10319069
2024-12-09,68.7,69.4,68.6,69.2,18245451
2024-12-10,68.8,69.2,68.4,68.6,12511424
2024-12-11,68.3,69.2,68.0,68.4,20075560
2024-12-12,69.0,69.8,68.6,69.6,37569554
2024-12-13,69.3,69.8,69.0,69.5,13758968
2024-12-16,69.5,70.7,69.4,70.1,35190392
2024-12-17,69.6,70.0,68.6,68.6,25985379
2024-12-18,68.5,69.4,68.2,68.8,16633966
2024-12-19,67.5,67.7,67.1,67.7,26621581
2024-12-20,67.2,67.7,66.9,67.3,28529531
2024-12-23,68.0,69.0,68.0,69.0,17245009
2024-12-24,69.0,69.1,68.6,68.9,6206490
2024-12-25,69.0,69.1,68.4,68.7,6033170
2024-12-26,68.9,69.0,68.4,68.7,3565847
2024-12-27,68.6,69.3,68.5,69.3,10613409
2024-12-30,69.2,69.8,69.0,69.2,17584920
2024-12-31,68.6,68.7,68.1,68.3,14134436
2025-01-02,68.7,68.7,67.3,68.0,24727966
2025-01-03,68.1,68.3,67.5,67.8,18206595
2025-01-06,68.3,69.2,68.1,68.8,27628426
2025-01-07,69.1,69.2,68.3,69.1,24181601
2025-01-08,68.8,69.4,68.6,68.8,25363565
2025-01-09,68.6,69.3,68.3,68.3,11583847
2025-01-10,67.5,67.6,64.7,65.1,80020459
2025-01-13,65.0,65.7,63.6,64.2,37271562
2025-01-14,64.5,65.7,64.5,65.5,22131570
2025-01-15,65.5,65.8,64.6,64.7,20305294
2025-01-16,65.6,65.9,65.3,65.5,14793449
2025-01-17,65.8,66.1,64.9,65.5,12914394
2025-01-20,65.7,65.9,65.0,65.1,9525982
2025-01-21,65.3,66.2,65.1,65.9,10589062
2025-01-22,66.5,67.3,66.4,66.8,26533413
2025-02-03,65.1,66.3,64.9,66.0,22307045
2025-02-04,66.5,66.8,65.1,65.2,15536093
2025-02-05,65.9,66.7,65.7,66.5,15830853
2025-02-06,66.8,66.9,66.3,66.9,10247751
2025-02-07,66.6,67.2,66.4,66.9,11788640
2025-02-10,66.7,68.0,66.6,67.4,17383972
2025-02-11,68.1,68.8,68.0,68.5,21044011
2025-02-12,68.6,68.9,68.2,68.7,10266112
2025-02-13,68.6,69.0,68.2,68.7,13462823
2025-02-14,68.7,69.0,68.4,68.7,11053730
2025-02-17,68.9,69.3,68.8,69.0,16448344
2025-02-18,68.7,69.2,68.7,69.2,8824479
2025-02-19,69.0,69.2,68.3,68.7,13423084
2025-02-20,68.7,69.0,68.3,68.8,14049406
2025-02-21,68.6,69.0,68.6,68.9,10623990
2025-02-24,68.4,68.7,68.4,68.7,8966230
2025-02-25,68.2,68.8,67.8,68.7,14860784
2025-02-26,68.5,69.3,68.3,69.2,15583020
2025-02-27,69.0,69.3,68.4,68.4,35828006
2025-03-03,68.7,68.9,68.0,68.8,21322848
2025-03-04,67.8,68.2,66.7,67.7,22314004
2025-03-05,67.9,68.5,67.9,68.2,12360361
2025-03-06,68.0,68.7,68.0,68.7,9265103
2025-03-07,68.3,68.4,67.2,67.3,22543873
2025-03-10,67.2,67.7,66.9,67.3,10362920
2025-03-11,66.0,66.4,64.8,65.9,36018336
2025-03-12,66.0,66.6,66.0,66.5,11885072
2025-03-13,66.8,66.9,65.9,65.9,7733711
2025-03-14,66.6,67.0,66.0,66.0,14107677
2025-03-17,65.8,66.2,64.9,66.0,21383330
2025-03-18,66.3,67.3,66.0,66.5,17238892
2025-03-19,66.3,66.5,65.3,65.3,16379107
2025-03-20,65.8,66.3,65.7,65.9,10099638
2025-03-21,65.6,65.9,65.1,65.1,19904284
2025-03-24,65.3,65.6,65.0,65.0,9994844
2025-03-25,65.4,65.7,65.0,65.0,12023949
2025-03-26,65.5,65.8,65.2,65.4,15109917
2025-03-27,65.1,65.3,64.6,65.3,15482635
2025-03-28,65.0,65.1,64.0,64.0,20283100
2025-03-31,62.8,63.0,61.1,61.2,33088542
2025-04-01,61.5,62.1,61.2,61.6,26405683
2025-04-02,61.6,62.3,61.6,61.6,21768347
2025-04-07,55.5,55.5,55.5,55.5,9717903
2025-04-08,52.8,54.8,52.2,54.1,85452096
2025-04-09,53.5,54.6,49.5,49.5,68275641
2025-04-10,54.4,54.4,54.0,54.4,21507715
2025-04-11,52.5,54.4,52.5,54.2,56042337
2025-04-14,54.4,55.7,54.3,54.5,39590034
2025-04-15,54.8,56.2,54.6,56.0,23819885
2025-04-16,55.1,55.5,54.5,54.8,22471920
2025-04-17,54.5,54.5,53.6,53.9,25093234
2025-04-18,53.6,54.0,53.2,53.6,26389006
2025-04-21,53.8,54.2,53.3,54.1,16982207
2025-04-22,53.1,53.5,52.0,52.5,32318991
2025-04-23,53.6,53.6,52.8,53.6,26535415
2025-04-24,53.7,53.8,52.9,53.5,25759134
2025-04-25,54.0,54.8,53.8,54.1,28741359
2025-04-28,54.8,55.0,54.3,54.6,14786684
2025-04-29,54.6,55.7,54.3,55.7,31109530
2025-04-30,58.4,59.4,57.7,58.5,76999554
2025-05-02,58.5,58.9,58.1,58.7,38432953
2025-05-05,55.1,55.4,53.3,54.7,96527042
2025-05-06,53.9,56.2,53.6,55.9,79824024
2025-05-07,55.7,56.2,54.8,56.2,54583496
2025-05-08,55.1,56.2,55.1,55.2,53238228
2025-05-09,54.6,55.5,54.2,55.2,60288935
2025-05-12,55.0,56.2,55.0,56.1,39675768
2025-05-13,57.3,58.4,56.9,57.9,66066294
2025-05-14,58.6,59.3,58.4,58.8,47605006
2025-05-15,59.3,59.9,58.9,59.6,56862028
2025-05-16,59.9,63.0,59.6,63.0,75349156
2025-05-19,61.5,62.3,60.4,60.5,58314156
2025-05-20,60.8,62.2,60.8,61.5,35764827
2025-05-21,61.7,64.0,61.6,63.5,68991709
2025-05-22,62.2,66.1,62.0,65.6,100036807
2025-05-23,65.0,67.2,65.0,65.7,70895243
2025-05-26,65.4,66.5,63.0,63.0,99805936
2025-05-27,62.6,64.6,61.6,62.2,141733217
2025-05-28,62.6,63.0,61.2,61.2,134495389
2025-05-29,61.6,62.4,59.8,59.8,215745023
2025-06-02,59.7,60.9,58.8,60.4,150039562
2025-06-03,60.1,63.9,60.0,63.9,176016633
2025-06-04,63.0,67.7,61.8,64.7,277348069
2025-06-05,64.3,67.2,64.3,66.1,190275314
2025-06-06,64.9,67.5,64.8,66.3,214946839
2025-06-09,66.5,67.8,66.5,67.7,165628902
2025-06-10,67.7,67.9,66.0,66.0,127629008
2025-06-11,66.4,68.4,64.1,68.4,187873007
2025-06-12,67.1,68.5,66.5,68.5,147558953
2025-06-13,67.5,69.5,67.1,69.0,133771696
2025-06-16,68.7,69.5,67.1,67.3,61222933
2025-06-17,67.3,68.2,65.7,65.7,68144638
2025-06-18,66.3,67.4,65.7,67.3,60186433
2025-06-19,66.5,66.9,65.6,66.2,43265945
2025-06-20,66.2,66.3,65.3,65.6,43040857
2025-06-23,65.0,65.9,64.7,65.9,34837337
2025-06-24,66.2,66.7,65.7,66.5,34493665
2025-06-25,66.9,67.0,66.2,66.5,38650906
2025-06-26,66.4,66.8,66.2,66.7,42016211
2025-06-27,66.5,67.9,66.0,67.9,84631551
2025-06-30,63.8,63.8,62.5,62.8,61926973
2025-07-01,62.8,64.7,62.8,63.4,42362684
2025-07-02,63.4,63.7,62.6,62.6,27024530
2025-07-03,62.7,63.2,62.6,62.7,23390598
2025-07-04,63.0,63.0,61.5,61.5,22996712
2025-07-07,61.9,62.3,61.5,61.8,26320223
2025-07-08,61.7,62.2,61.2,61.6,18768250
2025-07-09,61.2,62.0,61.1,61.1,17242287
2025-07-10,60.9,62.9,60.8,62.7,26915755
2025-07-11,62.6,63.8,62.4,62.5,20664779
2025-07-14,63.0,63.7,62.8,63.2,28875995
2025-07-15,63.1,63.4,62.7,63.1,16814216
2025-07-16,62.6,63.7,62.6,63.5,28902836
2025-07-17,63.6,64.0,63.1,63.1,29511678
2025-07-18,63.0,63.5,62.5,62.6,20698820
2025-07-21,62.7,63.1,62.2,62.3,20194866
2025-07-22,62.7,62.9,61.5,61.7,22906886
2025-07-23,62.3,62.8,61.9,62.7,22826508
2025-07-24,62.7,62.9,62.1,62.6,13622678
2025-07-25,62.2,62.8,62.1,62.6,13480505
2025-07-28,62.6,62.9,61.8,61.9,18061293
2025-07-29,61.9,62.1,61.3,61.3,14811914
2025-07-30,61.6,62.2,61.4,61.5,13493908
2025-07-31,61.3,61.4,60.9,60.9,18133300
2025-08-01,60.5,61.5,60.0,61.2,18885623
2025-08-04,60.8,62.5,60.6,62.5,26215450
2025-08-05,62.2,62.9,62.0,62.8,17368744
2025-08-06,62.7,63.0,62.4,62.7,18520498
2025-08-07,62.8,63.4,62.7,62.9,16644139
2025-08-08,62.8,63.3,62.8,63.2,10427240
2025-08-11,62.9,64.0,62.9,63.9,16486751
2025-08-12,64.1,64.3,63.6,63.6,16290332
2025-08-13,63.9,64.3,63.6,63.7,18661162
2025-08-14,63.7,64.8,63.7,64.6,28097681
2025-08-15,64.6,64.7,64.0,64.7,13450926
2025-08-18,64.2,64.5,63.8,64.4,23166778
2025-08-19,64.1,64.7,64.0,64.2,15552411
2025-08-20,64.3,64.6,63.0,63.1,20324456
2025-08-21,63.6,64.5,63.5,64.5,18189174
2025-08-22,64.1,64.3,63.5,63.8,14826449
2025-08-25,64.1,64.6,64.0,64.6,13600265
2025-08-26,64.2,64.5,63.4,63.4,27970408
2025-08-27,63.4,63.6,62.6,62.6,19607637
2025-08-28,63.0,63.0,62.3,62.3,15711773
2025-08-29,62.3,62.6,61.5,61.5,18946472
2025-09-01,61.9,62.6,61.8,62.6,15356313
2025-09-02,62.6,63.5,62.5,63.5,18730040
2025-09-03,63.5,63.6,62.9,63.5,9282697
2025-09-04,63.6,64.2,63.5,64.1,15884528
2025-09-05,64.1,64.6,63.8,64.6,19526204
2025-09-08,64.5,64.5,63.8,63.8,15347303
2025-09-09,64.0,64.3,63.7,64.1,15017606
2025-09-10,63.9,64.9,63.9,64.9,22838066
2025-09-11,64.9,65.3,64.2,64.4,18885057
2025-09-12,64.5,65.8,64.5,65.5,26813178
2025-09-15,65.2,66.5,65.2,65.4,22839807
2025-09-16,65.8,66.2,65.2,66.1,26261776
2025-09-17,65.6,65.7,64.7,65.7,24182930
2025-09-18,65.6,65.6,64.5,65.0,15414732
2025-09-19,65.0,65.5,64.6,65.5,23394539
2025-09-22,65.4,66.1,65.3,66.0,16226525
2025-09-23,65.9,66.3,65.7,66.2,11827534
2025-09-24,66.2,67.0,65.6,66.0,14706888
2025-09-25,66.0,66.2,65.6,65.7,12030402
2025-09-26,65.5,65.6,64.8,65.1,10666050
2025-09-30,65.6,65.6,64.8,65.6,22391880
2025-10-01,65.2,66.3,65.2,65.3,17732528
2025-10-02,65.4,66.0,65.0,65.0,14496667
2025-10-03,65.7,66.0,65.0,65.0,8831615
2025-10-07,65.0,66.0,64.7,65.2,16314076
2025-10-08,65.4,65.9,65.3,65.3,13338112
2025-10-09,65.7,66.6,65.6,66.4,26156782
2025-10-13,66.3,66.3,65.1,65.3,19255380
2025-10-14,65.4,66.9,65.4,65.5,25653861
2025-10-15,65.8,66.4,65.4,66.4,29393296
2025-10-16,66.2,67.1,65.8,65.8,23704605
2025-10-17,65.8,66.1,65.1,65.2,15220985
2025-10-20,65.6,66.1,65.1,65.3,8399132
2025-10-21,65.8,66.7,65.6,65.7,18493636
2025-10-22,65.9,66.2,65.6,65.7,13544653
2025-10-23,65.6,65.7,65.1,65.7,17633430
2025-10-27,66.5,66.5,65.6,65.7,17331187
2025-10-28,66.1,66.1,64.6,64.8,21941202
2025-10-29,65.2,65.4,64.8,64.8,11904998
2025-10-30,64.8,65.1,64.1,64.6,18428494
2025-10-31,65.2,65.2,64.0,64.0,17341919
2025-11-03,63.8,64.4,63.5,63.9,13709608
2025-11-04,64.0,64.8,64.0,64.6,12298783
2025-11-05,64.1,64.4,63.6,64.1,16391613
2025-11-06,64.6,65.1,64.0,64.7,15438226
2025-11-07,64.3,64.6,63.5,63.5,14973396
2025-11-10,63.6,64.4,63.6,63.8,14148668
2025-11-11,64.8,65.7,64.5,64.8,34285414
2025-11-12,65.3,65.9,64.9,64.9,28251767
2025-11-13,65.0,66.0,64.9,65.9,30988623
2025-11-14,65.7,66.5,65.2,66.0,36471237
2025-11-17,65.8,66.0,65.0,65.3,28832237
2025-11-18,64.8,65.0,64.4,64.8,27957652
2025-11-19,65.2,65.3,64.2,64.2,22246588
2025-11-20,64.9,64.9,64.2,64.7,24423329
2025-11-21,64.4,64.4,63.6,63.6,24882547
2025-11-24,63.8,65.5,63.8,65.5,36690195
2025-11-25,65.5,66.0,65.0,65.1,21041862
2025-11-26,65.5,66.0,65.3,65.8,18611609
2025-11-27,65.2,65.8,64.8,65.8,27551321
2025-11-28,65.2,65.5,64.2,64.2,29390376
2025-12-01,64.1,65.2,64.1,64.8,22489125
2025-12-02,65.2,66.6,65.2,66.6,41471350
2025-12-03,66.7,67.6,66.2,67.6,34276507
2025-12-04,67.5,69.2,67.4,69.0,39014958
2025-12-05,68.5,68.7,67.8,68.7,17907051
2025-12-08,68.3,69.0,67.8,69.0,16844131
2025-12-09,68.5,69.2,68.5,69.2,18546205
2025-12-10,69.1,69.3,68.0,68.5,18293033
2025-12-11,69.2,69.7,68.5,69.2,27598689
2025-12-12,69.7,70.4,69.5,70.1,34367172
2025-12-15,69.3,70.6,69.2,70.1,28850138
